{
    "key": "group_63c6a55dd6b4d",
    "title": "Список с настройками",
    "fields": [
        {
            "key": "field_63c6a55f15ffd",
            "label": "Список",
            "name": "lists",
            "aria-label": "",
            "type": "group",
            "instructions": "",
            "required": 0,
            "conditional_logic": 0,
            "wrapper": {
                "width": "",
                "class": "",
                "id": ""
            },
            "wpml_cf_preferences": 1,
            "layout": "block",
            "sub_fields": [
                {
                    "key": "field_63c6af1315ffe",
                    "label": "Список с заголовком",
                    "name": "list",
                    "aria-label": "",
                    "type": "repeater",
                    "instructions": "",
                    "required": 0,
                    "conditional_logic": 0,
                    "wrapper": {
                        "width": "",
                        "class": "",
                        "id": ""
                    },
                    "wpml_cf_preferences": 1,
                    "layout": "table",
                    "pagination": 0,
                    "min": 0,
                    "max": 0,
                    "collapsed": "",
                    "button_label": "Add Row",
                    "rows_per_page": 20,
                    "sub_fields": [
                        {
                            "key": "field_63c6b07115fff",
                            "label": "Заголовок",
                            "name": "list_title",
                            "aria-label": "",
                            "type": "text",
                            "instructions": "",
                            "required": 0,
                            "conditional_logic": 0,
                            "wrapper": {
                                "width": "25",
                                "class": "",
                                "id": ""
                            },
                            "wpml_cf_preferences": 3,
                            "default_value": "",
                            "maxlength": "",
                            "placeholder": "",
                            "prepend": "",
                            "append": "",
                            "parent_repeater": "field_63c6af1315ffe"
                        },
                        {
                            "key": "field_63c6b85916000",
                            "label": "Список внутри",
                            "name": "list_items",
                            "aria-label": "",
                            "type": "repeater",
                            "instructions": "",
                            "required": 0,
                            "conditional_logic": 0,
                            "wrapper": {
                                "width": "75",
                                "class": "",
                                "id": ""
                            },
                            "wpml_cf_preferences": 1,
                            "layout": "table",
                            "min": 0,
                            "max": 0,
                            "collapsed": "",
                            "button_label": "Add Row",
                            "rows_per_page": 20,
                            "sub_fields": [
                                {
                                    "key": "field_63c6ba9816003",
                                    "label": "Иконка списка",
                                    "name": "list_item_li_icon",
                                    "aria-label": "",
                                    "type": "select",
                                    "instructions": "",
                                    "required": 0,
                                    "conditional_logic": 0,
                                    "wrapper": {
                                        "width": "",
                                        "class": "",
                                        "id": ""
                                    },
                                    "wpml_cf_preferences": 1,
                                    "choices": {
                                        "plus": "Плюс",
                                        "minus": "Минус",
                                        "tick": "Галочка"
                                    },
                                    "default_value": "tick",
                                    "return_format": "value",
                                    "multiple": 0,
                                    "allow_null": 0,
                                    "ui": 0,
                                    "ajax": 0,
                                    "placeholder": "",
                                    "parent_repeater": "field_63c6b85916000"
                                },
                                {
                                    "key": "field_63c6b98a16001",
                                    "label": "Пункты списка",
                                    "name": "list_item_li",
                                    "aria-label": "",
                                    "type": "repeater",
                                    "instructions": "",
                                    "required": 0,
                                    "conditional_logic": 0,
                                    "wrapper": {
                                        "width": "",
                                        "class": "",
                                        "id": ""
                                    },
                                    "wpml_cf_preferences": 1,
                                    "layout": "table",
                                    "min": 0,
                                    "max": 0,
                                    "collapsed": "",
                                    "button_label": "Add Row",
                                    "rows_per_page": 20,
                                    "sub_fields": [
                                        {
                                            "key": "field_63c6b9cd16002",
                                            "label": "Пункты",
                                            "name": "list_item_li_text",
                                            "aria-label": "",
                                            "type": "text",
                                            "instructions": "",
                                            "required": 0,
                                            "conditional_logic": 0,
                                            "wrapper": {
                                                "width": "50",
                                                "class": "",
                                                "id": ""
                                            },
                                            "wpml_cf_preferences": 3,
                                            "default_value": "",
                                            "maxlength": "",
                                            "placeholder": "",
                                            "prepend": "",
                                            "append": "",
                                            "parent_repeater": "field_63c6b98a16001"
                                        }
                                    ],
                                    "parent_repeater": "field_63c6b85916000"
                                }
                            ],
                            "parent_repeater": "field_63c6af1315ffe"
                        }
                    ]
                }
            ]
        }
    ],
    "location": [
        [
            {
                "param": "block",
                "operator": "==",
                "value": "acf\/lists"
            }
        ]
    ],
    "menu_order": 0,
    "position": "normal",
    "style": "default",
    "label_placement": "top",
    "instruction_placement": "label",
    "hide_on_screen": "",
    "active": true,
    "description": "",
    "show_in_rest": 0,
    "modified": 1673976338
}