{
    "key": "group_63c6e24ce2213",
    "title": "Депозитные методы",
    "fields": [
        {
            "key": "field_63c6e24e50f9d",
            "label": "Депозитные методы",
            "name": "settings",
            "aria-label": "",
            "type": "group",
            "instructions": "",
            "required": 0,
            "conditional_logic": 0,
            "wrapper": {
                "width": "",
                "class": "",
                "id": ""
            },
            "wpml_cf_preferences": 1,
            "layout": "block",
            "sub_fields": [
                {
                    "key": "field_63c6e2e150f9e",
                    "label": "Заголовок",
                    "name": "deposit-methods-text-title",
                    "aria-label": "",
                    "type": "text",
                    "instructions": "",
                    "required": 0,
                    "conditional_logic": 0,
                    "wrapper": {
                        "width": "",
                        "class": "",
                        "id": ""
                    },
                    "wpml_cf_preferences": 3,
                    "default_value": "",
                    "maxlength": "",
                    "placeholder": "",
                    "prepend": "",
                    "append": ""
                },
                {
                    "key": "field_63c6e51337c9c",
                    "label": "Описание",
                    "name": "deposit-methods-text-subtitle",
                    "aria-label": "",
                    "type": "text",
                    "instructions": "",
                    "required": 0,
                    "conditional_logic": 0,
                    "wrapper": {
                        "width": "",
                        "class": "",
                        "id": ""
                    },
                    "wpml_cf_preferences": 3,
                    "default_value": "",
                    "maxlength": "",
                    "placeholder": "",
                    "prepend": "",
                    "append": ""
                },
                {
                    "key": "field_63c6e68937c9d",
                    "label": "Изображения методов оплаты",
                    "name": "deposit-methods-items",
                    "aria-label": "",
                    "type": "repeater",
                    "instructions": "",
                    "required": 0,
                    "conditional_logic": 0,
                    "wrapper": {
                        "width": "",
                        "class": "",
                        "id": ""
                    },
                    "wpml_cf_preferences": 1,
                    "layout": "table",
                    "pagination": 0,
                    "min": 0,
                    "max": 5,
                    "collapsed": "",
                    "button_label": "Add Row",
                    "rows_per_page": 20,
                    "sub_fields": [
                        {
                            "key": "field_63c6e75f37c9e",
                            "label": "Изображения",
                            "name": "deposit-methods-item",
                            "aria-label": "",
                            "type": "image",
                            "instructions": "",
                            "required": 0,
                            "conditional_logic": 0,
                            "wrapper": {
                                "width": "",
                                "class": "",
                                "id": ""
                            },
                            "wpml_cf_preferences": 1,
                            "return_format": "id",
                            "library": "all",
                            "min_width": "",
                            "min_height": "",
                            "min_size": "",
                            "max_width": "",
                            "max_height": "",
                            "max_size": "",
                            "mime_types": "",
                            "preview_size": "thumbnail",
                            "parent_repeater": "field_63c6e68937c9d"
                        }
                    ]
                },
                {
                    "key": "field_63c81132a5c81",
                    "label": "Стиль с обводкой",
                    "name": "is_border",
                    "aria-label": "",
                    "type": "true_false",
                    "instructions": "",
                    "required": 0,
                    "conditional_logic": 0,
                    "wrapper": {
                        "width": "",
                        "class": "",
                        "id": ""
                    },
                    "wpml_cf_preferences": 1,
                    "message": "",
                    "default_value": 0,
                    "ui_on_text": "",
                    "ui_off_text": "",
                    "ui": 0
                }
            ]
        }
    ],
    "location": [
        [
            {
                "param": "block",
                "operator": "==",
                "value": "acf\/deposit-methods"
            }
        ],
        [
            {
                "param": "block",
                "operator": "==",
                "value": "acf\/brand-screen"
            }
        ]
    ],
    "menu_order": 0,
    "position": "normal",
    "style": "default",
    "label_placement": "top",
    "instruction_placement": "label",
    "hide_on_screen": "",
    "active": true,
    "description": "",
    "show_in_rest": 0,
    "modified": 1674086240
}