{
    "key": "group_61af41bd39b8c",
    "title": "Настройки темы",
    "fields": [
        {
            "key": "field_61cc2dc6e9224",
            "label": "Главный акцентный цвет",
            "name": "accent_color",
            "aria-label": "",
            "type": "color_picker",
            "instructions": "Используется в подчеркивании заголовков, ссылкаx, маркеры списков, ссылки и пр.",
            "required": 0,
            "conditional_logic": 0,
            "wrapper": {
                "width": "50",
                "class": "",
                "id": ""
            },
            "wpml_cf_preferences": 1,
            "default_value": "",
            "enable_opacity": 1,
            "return_format": "string"
        },
        {
            "key": "field_61cc2e4dbf183",
            "label": "Цвет текста на главном акцентном цвете",
            "name": "accent_color_text",
            "aria-label": "",
            "type": "color_picker",
            "instructions": "Цвет текста на акцентном цвете (при наличии текста на нем). Используйте контрастный цвет.",
            "required": 0,
            "conditional_logic": 0,
            "wrapper": {
                "width": "50",
                "class": "",
                "id": ""
            },
            "wpml_cf_preferences": 1,
            "default_value": "",
            "enable_opacity": 1,
            "return_format": "string"
        },
        {
            "key": "field_61eaa35f32623",
            "label": "Выбрать цвет для всего body?",
            "name": "is_change_body_colors",
            "aria-label": "",
            "type": "true_false",
            "instructions": "",
            "required": 0,
            "conditional_logic": 0,
            "wrapper": {
                "width": "",
                "class": "",
                "id": ""
            },
            "wpml_cf_preferences": 1,
            "message": "",
            "default_value": 0,
            "ui": 0,
            "ui_on_text": "",
            "ui_off_text": ""
        },
        {
            "key": "field_61eaa37f32624",
            "label": "Цвета для body",
            "name": "body_colors",
            "aria-label": "",
            "type": "group",
            "instructions": "",
            "required": 0,
            "conditional_logic": [
                [
                    {
                        "field": "field_61eaa35f32623",
                        "operator": "==",
                        "value": "1"
                    }
                ]
            ],
            "wrapper": {
                "width": "",
                "class": "",
                "id": ""
            },
            "wpml_cf_preferences": 1,
            "layout": "block",
            "sub_fields": [
                {
                    "key": "field_61eaa39432625",
                    "label": "Цвет фона",
                    "name": "background",
                    "aria-label": "",
                    "type": "color_picker",
                    "instructions": "",
                    "required": 0,
                    "conditional_logic": 0,
                    "wrapper": {
                        "width": "50",
                        "class": "",
                        "id": ""
                    },
                    "default_value": "#000",
                    "enable_opacity": 1,
                    "return_format": "string"
                },
                {
                    "key": "field_61eaa3aa32626",
                    "label": "Цвет текста",
                    "name": "color",
                    "aria-label": "",
                    "type": "color_picker",
                    "instructions": "",
                    "required": 0,
                    "conditional_logic": 0,
                    "wrapper": {
                        "width": "50",
                        "class": "",
                        "id": ""
                    },
                    "default_value": "#fff",
                    "enable_opacity": 0,
                    "return_format": "string"
                }
            ]
        },
        {
            "key": "field_6214a46a1ea30",
            "label": "Шрифт",
            "name": "font",
            "aria-label": "",
            "type": "select",
            "instructions": "",
            "required": 0,
            "conditional_logic": [
                [
                    {
                        "field": "field_61cc2dc6e9224",
                        "operator": "==empty"
                    }
                ]
            ],
            "wrapper": {
                "width": "",
                "class": "",
                "id": ""
            },
            "wpml_cf_preferences": 1,
            "choices": {
                "Montserrat": "Montserrat",
                "Arial": "Arial",
                "Helvetica": "Helvetica",
                "Roboto": "Roboto"
            },
            "default_value": "Montserrat",
            "return_format": "value",
            "multiple": 0,
            "allow_null": 0,
            "ui": 0,
            "ajax": 0,
            "placeholder": ""
        },
        {
            "key": "field_61af5dd22277f",
            "label": "Шапка",
            "name": "",
            "aria-label": "",
            "type": "tab",
            "instructions": "",
            "required": 0,
            "conditional_logic": 0,
            "wrapper": {
                "width": "",
                "class": "",
                "id": ""
            },
            "wpml_cf_preferences": 1,
            "placement": "left",
            "endpoint": 0
        },
        {
            "key": "field_61af5df1b1451",
            "label": "Настройки меню",
            "name": "primary_nav_colors",
            "aria-label": "",
            "type": "group",
            "instructions": "",
            "required": 0,
            "conditional_logic": 0,
            "wrapper": {
                "width": "",
                "class": "",
                "id": ""
            },
            "wpml_cf_preferences": 1,
            "layout": "block",
            "sub_fields": [
                {
                    "key": "field_61af5e20b1452",
                    "label": "Цвет фона",
                    "name": "background",
                    "aria-label": "",
                    "type": "color_picker",
                    "instructions": "",
                    "required": 0,
                    "conditional_logic": 0,
                    "wrapper": {
                        "width": "50",
                        "class": "",
                        "id": ""
                    },
                    "wpml_cf_preferences": 1,
                    "default_value": "",
                    "enable_opacity": 1,
                    "return_format": "string"
                },
                {
                    "key": "field_61b075edb5f8c",
                    "label": "Цвет фона меню (мобильный)",
                    "name": "background_mobile",
                    "aria-label": "",
                    "type": "color_picker",
                    "instructions": "",
                    "required": 0,
                    "conditional_logic": 0,
                    "wrapper": {
                        "width": "50",
                        "class": "",
                        "id": ""
                    },
                    "wpml_cf_preferences": 1,
                    "default_value": "",
                    "enable_opacity": 0,
                    "return_format": "string"
                },
                {
                    "key": "field_61af5e44b1453",
                    "label": "Цвет пунктов меню",
                    "name": "color",
                    "aria-label": "",
                    "type": "color_picker",
                    "instructions": "",
                    "required": 0,
                    "conditional_logic": 0,
                    "wrapper": {
                        "width": "25",
                        "class": "",
                        "id": ""
                    },
                    "default_value": "",
                    "enable_opacity": 0,
                    "return_format": "string"
                },
                {
                    "key": "field_61b0d1bf2e70e",
                    "label": "Цвет пунктов меню (мобильный)",
                    "name": "color_mobile",
                    "aria-label": "",
                    "type": "color_picker",
                    "instructions": "",
                    "required": 0,
                    "conditional_logic": 0,
                    "wrapper": {
                        "width": "25",
                        "class": "",
                        "id": ""
                    },
                    "default_value": "",
                    "enable_opacity": 0,
                    "return_format": "string"
                },
                {
                    "key": "field_61af5e5fb1454",
                    "label": "Цвет пунктов меню при наведении",
                    "name": "color_hover",
                    "aria-label": "",
                    "type": "color_picker",
                    "instructions": "",
                    "required": 0,
                    "conditional_logic": 0,
                    "wrapper": {
                        "width": "25",
                        "class": "",
                        "id": ""
                    },
                    "default_value": "",
                    "enable_opacity": 0,
                    "return_format": "string"
                },
                {
                    "key": "field_62d927a3c1957",
                    "label": "Цвет бургера",
                    "name": "color_burger",
                    "aria-label": "",
                    "type": "color_picker",
                    "instructions": "",
                    "required": 0,
                    "conditional_logic": 0,
                    "wrapper": {
                        "width": "25",
                        "class": "",
                        "id": ""
                    },
                    "default_value": "",
                    "enable_opacity": 0,
                    "return_format": "string"
                },
                {
                    "key": "field_61af5e8bb1455",
                    "label": "Цвет фона подменю",
                    "name": "submenu_background",
                    "aria-label": "",
                    "type": "color_picker",
                    "instructions": "",
                    "required": 0,
                    "conditional_logic": 0,
                    "wrapper": {
                        "width": "50",
                        "class": "",
                        "id": ""
                    },
                    "wpml_cf_preferences": 1,
                    "default_value": "",
                    "enable_opacity": 1,
                    "return_format": "string"
                },
                {
                    "key": "field_61b06e900f12b",
                    "label": "Цвет тени подменю",
                    "name": "submenu_shadow",
                    "aria-label": "",
                    "type": "color_picker",
                    "instructions": "",
                    "required": 0,
                    "conditional_logic": 0,
                    "wrapper": {
                        "width": "50",
                        "class": "",
                        "id": ""
                    },
                    "wpml_cf_preferences": 1,
                    "default_value": "rgba(0, 0, 0, 0.1)",
                    "enable_opacity": 1,
                    "return_format": "string"
                },
                {
                    "key": "field_61af5ea6b1456",
                    "label": "Цвет пунктов подменю",
                    "name": "submenu_color",
                    "aria-label": "",
                    "type": "color_picker",
                    "instructions": "",
                    "required": 0,
                    "conditional_logic": 0,
                    "wrapper": {
                        "width": "50",
                        "class": "",
                        "id": ""
                    },
                    "wpml_cf_preferences": 1,
                    "default_value": "",
                    "enable_opacity": 0,
                    "return_format": "string"
                },
                {
                    "key": "field_61af5ec7b1458",
                    "label": "Цвет пунктов подменю при наведении",
                    "name": "submenu_color_hover",
                    "aria-label": "",
                    "type": "color_picker",
                    "instructions": "",
                    "required": 0,
                    "conditional_logic": 0,
                    "wrapper": {
                        "width": "50",
                        "class": "",
                        "id": ""
                    },
                    "wpml_cf_preferences": 1,
                    "default_value": "",
                    "enable_opacity": 0,
                    "return_format": "string"
                },
                {
                    "key": "field_61af5edcb1459",
                    "label": "Цвет разделителя пунктов подменю",
                    "name": "submenu_border",
                    "aria-label": "",
                    "type": "color_picker",
                    "instructions": "",
                    "required": 0,
                    "conditional_logic": 0,
                    "wrapper": {
                        "width": "50",
                        "class": "",
                        "id": ""
                    },
                    "wpml_cf_preferences": 1,
                    "default_value": "",
                    "enable_opacity": 1,
                    "return_format": "string"
                },
                {
                    "key": "field_61b06d504a913",
                    "label": "Стиль разделителя пунктов подменю",
                    "name": "submenu_border_style",
                    "aria-label": "",
                    "type": "select",
                    "instructions": "",
                    "required": 0,
                    "conditional_logic": 0,
                    "wrapper": {
                        "width": "50",
                        "class": "",
                        "id": ""
                    },
                    "wpml_cf_preferences": 1,
                    "choices": {
                        "dotted": "Точки",
                        "dashed": "Черта",
                        "solid": "Сплошной",
                        "none": "Выключен"
                    },
                    "default_value": "dashed",
                    "allow_null": 0,
                    "multiple": 0,
                    "ui": 0,
                    "return_format": "value",
                    "ajax": 0,
                    "placeholder": ""
                },
                {
                    "key": "field_61af5f1ab145a",
                    "label": "Цвет иконки подменю",
                    "name": "submenu_arrow",
                    "aria-label": "",
                    "type": "color_picker",
                    "instructions": "",
                    "required": 0,
                    "conditional_logic": 0,
                    "wrapper": {
                        "width": "50",
                        "class": "",
                        "id": ""
                    },
                    "wpml_cf_preferences": 1,
                    "default_value": "",
                    "enable_opacity": 1,
                    "return_format": "string"
                }
            ]
        },
        {
            "key": "field_61af41c768ee6",
            "label": "Кнопки",
            "name": "",
            "aria-label": "",
            "type": "tab",
            "instructions": "",
            "required": 0,
            "conditional_logic": 0,
            "wrapper": {
                "width": "",
                "class": "",
                "id": ""
            },
            "wpml_cf_preferences": 1,
            "placement": "left",
            "endpoint": 0
        },
        {
            "key": "field_61af41d468ee7",
            "label": "Кнопки",
            "name": "buttons_setup",
            "aria-label": "",
            "type": "group",
            "instructions": "",
            "required": 0,
            "conditional_logic": 0,
            "wrapper": {
                "width": "",
                "class": "",
                "id": ""
            },
            "wpml_cf_preferences": 1,
            "layout": "block",
            "sub_fields": [
                {
                    "key": "field_61af41f468ee8",
                    "label": "Цвет фона",
                    "name": "background",
                    "aria-label": "",
                    "type": "color_picker",
                    "instructions": "",
                    "required": 0,
                    "conditional_logic": 0,
                    "wrapper": {
                        "width": "50",
                        "class": "",
                        "id": ""
                    },
                    "wpml_cf_preferences": 1,
                    "default_value": "",
                    "enable_opacity": 1,
                    "return_format": "string"
                },
                {
                    "key": "field_61af420b68ee9",
                    "label": "Цвет фона при наведении",
                    "name": "background_hover",
                    "aria-label": "",
                    "type": "color_picker",
                    "instructions": "",
                    "required": 0,
                    "conditional_logic": 0,
                    "wrapper": {
                        "width": "50",
                        "class": "",
                        "id": ""
                    },
                    "wpml_cf_preferences": 1,
                    "default_value": "",
                    "enable_opacity": 1,
                    "return_format": "string"
                },
                {
                    "key": "field_61af422168eea",
                    "label": "Цвет текста",
                    "name": "color",
                    "aria-label": "",
                    "type": "color_picker",
                    "instructions": "",
                    "required": 0,
                    "conditional_logic": 0,
                    "wrapper": {
                        "width": "50",
                        "class": "",
                        "id": ""
                    },
                    "wpml_cf_preferences": 1,
                    "default_value": "",
                    "enable_opacity": 0,
                    "return_format": "string"
                },
                {
                    "key": "field_61af423468eec",
                    "label": "Цвет текста при наведении",
                    "name": "color_hover",
                    "aria-label": "",
                    "type": "color_picker",
                    "instructions": "",
                    "required": 0,
                    "conditional_logic": 0,
                    "wrapper": {
                        "width": "50",
                        "class": "",
                        "id": ""
                    },
                    "wpml_cf_preferences": 1,
                    "default_value": "",
                    "enable_opacity": 0,
                    "return_format": "string"
                },
                {
                    "key": "field_61af424468eed",
                    "label": "Цвет обводки",
                    "name": "border",
                    "aria-label": "",
                    "type": "color_picker",
                    "instructions": "",
                    "required": 0,
                    "conditional_logic": 0,
                    "wrapper": {
                        "width": "50",
                        "class": "",
                        "id": ""
                    },
                    "wpml_cf_preferences": 1,
                    "default_value": "",
                    "enable_opacity": 1,
                    "return_format": "string"
                },
                {
                    "key": "field_61af427b68eef",
                    "label": "Цвет обводки при наведении",
                    "name": "border_hover",
                    "aria-label": "",
                    "type": "color_picker",
                    "instructions": "",
                    "required": 0,
                    "conditional_logic": 0,
                    "wrapper": {
                        "width": "50",
                        "class": "",
                        "id": ""
                    },
                    "wpml_cf_preferences": 1,
                    "default_value": "",
                    "enable_opacity": 1,
                    "return_format": "string"
                },
                {
                    "key": "field_61af448daef37",
                    "label": "Радиус обводки",
                    "name": "border_radius",
                    "aria-label": "",
                    "type": "range",
                    "instructions": "",
                    "required": 0,
                    "conditional_logic": 0,
                    "wrapper": {
                        "width": "50",
                        "class": "",
                        "id": ""
                    },
                    "wpml_cf_preferences": 1,
                    "default_value": 50,
                    "min": 0,
                    "max": 50,
                    "step": "",
                    "prepend": "",
                    "append": ""
                },
                {
                    "key": "field_61af428868ef0",
                    "label": "Тип обводки",
                    "name": "border_style",
                    "aria-label": "",
                    "type": "select",
                    "instructions": "",
                    "required": 0,
                    "conditional_logic": 0,
                    "wrapper": {
                        "width": "50",
                        "class": "",
                        "id": ""
                    },
                    "wpml_cf_preferences": 1,
                    "choices": {
                        "dashed": "Точки",
                        "solid": "Сплошной"
                    },
                    "default_value": "dashed",
                    "allow_null": 0,
                    "multiple": 0,
                    "ui": 0,
                    "return_format": "value",
                    "ajax": 0,
                    "placeholder": ""
                },
                {
                    "key": "field_61af45fb61e4e",
                    "label": "Цвета для градиента",
                    "name": "gradient_colors",
                    "aria-label": "",
                    "type": "group",
                    "instructions": "",
                    "required": 0,
                    "conditional_logic": 0,
                    "wrapper": {
                        "width": "",
                        "class": "",
                        "id": ""
                    },
                    "wpml_cf_preferences": 1,
                    "layout": "block",
                    "sub_fields": [
                        {
                            "key": "field_61af461461e4f",
                            "label": "Первый цвет",
                            "name": "start_color",
                            "aria-label": "",
                            "type": "color_picker",
                            "instructions": "",
                            "required": 0,
                            "conditional_logic": 0,
                            "wrapper": {
                                "width": "50",
                                "class": "",
                                "id": ""
                            },
                            "wpml_cf_preferences": 1,
                            "default_value": "",
                            "enable_opacity": 1,
                            "return_format": "string"
                        },
                        {
                            "key": "field_61af462b61e50",
                            "label": "Второй цвет",
                            "name": "end_color",
                            "aria-label": "",
                            "type": "color_picker",
                            "instructions": "",
                            "required": 0,
                            "conditional_logic": 0,
                            "wrapper": {
                                "width": "50",
                                "class": "",
                                "id": ""
                            },
                            "wpml_cf_preferences": 1,
                            "default_value": "",
                            "enable_opacity": 1,
                            "return_format": "string"
                        },
                        {
                            "key": "field_61b1eac90dff2",
                            "label": "Цвет текста",
                            "name": "color",
                            "aria-label": "",
                            "type": "color_picker",
                            "instructions": "",
                            "required": 0,
                            "conditional_logic": 0,
                            "wrapper": {
                                "width": "50",
                                "class": "",
                                "id": ""
                            },
                            "wpml_cf_preferences": 1,
                            "default_value": "",
                            "enable_opacity": 0,
                            "return_format": "string"
                        },
                        {
                            "key": "field_61b1eadb0dff3",
                            "label": "Цвет текста при наведении",
                            "name": "color_hover",
                            "aria-label": "",
                            "type": "color_picker",
                            "instructions": "",
                            "required": 0,
                            "conditional_logic": 0,
                            "wrapper": {
                                "width": "50",
                                "class": "",
                                "id": ""
                            },
                            "wpml_cf_preferences": 1,
                            "default_value": "",
                            "enable_opacity": 0,
                            "return_format": "string"
                        }
                    ]
                },
                {
                    "key": "field_6390aea9d5187",
                    "label": "Колонки",
                    "name": "columns",
                    "aria-label": "",
                    "type": "range",
                    "instructions": "",
                    "required": 0,
                    "conditional_logic": 0,
                    "wrapper": {
                        "width": "",
                        "class": "",
                        "id": ""
                    },
                    "wpml_cf_preferences": 1,
                    "default_value": "",
                    "min": 1,
                    "max": 3,
                    "step": "",
                    "prepend": "",
                    "append": ""
                }
            ]
        },
        {
            "key": "field_61b9b17a2f4df",
            "label": "Футер",
            "name": "",
            "aria-label": "",
            "type": "tab",
            "instructions": "",
            "required": 0,
            "conditional_logic": 0,
            "wrapper": {
                "width": "",
                "class": "",
                "id": ""
            },
            "wpml_cf_preferences": 1,
            "placement": "left",
            "endpoint": 0
        },
        {
            "key": "field_61b9b1902f4e0",
            "label": "Футер",
            "name": "footer_colors",
            "aria-label": "",
            "type": "group",
            "instructions": "",
            "required": 0,
            "conditional_logic": 0,
            "wrapper": {
                "width": "",
                "class": "",
                "id": ""
            },
            "wpml_cf_preferences": 1,
            "layout": "block",
            "sub_fields": [
                {
                    "key": "field_61b9b1a82f4e1",
                    "label": "Цвет фона",
                    "name": "background_color",
                    "aria-label": "",
                    "type": "color_picker",
                    "instructions": "",
                    "required": 0,
                    "conditional_logic": 0,
                    "wrapper": {
                        "width": "",
                        "class": "",
                        "id": ""
                    },
                    "wpml_cf_preferences": 1,
                    "default_value": "",
                    "enable_opacity": 1,
                    "return_format": "string"
                },
                {
                    "key": "field_61b9b1c22f4e2",
                    "label": "Цвет заголовков меню",
                    "name": "title_color",
                    "aria-label": "",
                    "type": "color_picker",
                    "instructions": "",
                    "required": 0,
                    "conditional_logic": 0,
                    "wrapper": {
                        "width": "",
                        "class": "",
                        "id": ""
                    },
                    "wpml_cf_preferences": 1,
                    "default_value": "",
                    "enable_opacity": 1,
                    "return_format": "string"
                },
                {
                    "key": "field_61b9b1ea2f4e3",
                    "label": "Цвет пунктов меню",
                    "name": "item_color",
                    "aria-label": "",
                    "type": "color_picker",
                    "instructions": "Цвет текста внутри виджетов и меню",
                    "required": 0,
                    "conditional_logic": 0,
                    "wrapper": {
                        "width": "50",
                        "class": "",
                        "id": ""
                    },
                    "wpml_cf_preferences": 1,
                    "default_value": "",
                    "enable_opacity": 1,
                    "return_format": "string"
                },
                {
                    "key": "field_61b9b2062f4e4",
                    "label": "Цвет пунктов меню при наведении",
                    "name": "item_color_hover",
                    "aria-label": "",
                    "type": "color_picker",
                    "instructions": "",
                    "required": 0,
                    "conditional_logic": 0,
                    "wrapper": {
                        "width": "50",
                        "class": "",
                        "id": ""
                    },
                    "wpml_cf_preferences": 1,
                    "default_value": "",
                    "enable_opacity": 1,
                    "return_format": "string"
                },
                {
                    "key": "field_61b9d6e53831a",
                    "label": "Цвет фона социальных иконок",
                    "name": "social_background",
                    "aria-label": "",
                    "type": "color_picker",
                    "instructions": "",
                    "required": 0,
                    "conditional_logic": 0,
                    "wrapper": {
                        "width": "50",
                        "class": "",
                        "id": ""
                    },
                    "wpml_cf_preferences": 1,
                    "default_value": "",
                    "enable_opacity": 1,
                    "return_format": "string"
                },
                {
                    "key": "field_61b9d7093831b",
                    "label": "Цвет социальных иконок",
                    "name": "social_color",
                    "aria-label": "",
                    "type": "color_picker",
                    "instructions": "",
                    "required": 0,
                    "conditional_logic": 0,
                    "wrapper": {
                        "width": "50",
                        "class": "",
                        "id": ""
                    },
                    "wpml_cf_preferences": 1,
                    "default_value": "",
                    "enable_opacity": 0,
                    "return_format": "string"
                }
            ]
        },
        {
            "key": "field_638e3f667e6d6",
            "label": "Настройки мобильной версии меню",
            "name": "",
            "aria-label": "",
            "type": "tab",
            "instructions": "",
            "required": 0,
            "conditional_logic": 0,
            "wrapper": {
                "width": "",
                "class": "",
                "id": ""
            },
            "wpml_cf_preferences": 1,
            "placement": "top",
            "endpoint": 0
        },
        {
            "key": "field_638e3f8e7e6d7",
            "label": "Кнопки в ряд",
            "name": "btn_row",
            "aria-label": "",
            "type": "true_false",
            "instructions": "",
            "required": 0,
            "conditional_logic": 0,
            "wrapper": {
                "width": "",
                "class": "",
                "id": ""
            },
            "wpml_cf_preferences": 1,
            "message": "",
            "default_value": 0,
            "ui": 0,
            "ui_on_text": "",
            "ui_off_text": ""
        },
        {
            "key": "field_638e4271bfd88",
            "label": "Кнопки по центру и шириной минимального контента",
            "name": "center",
            "aria-label": "",
            "type": "checkbox",
            "instructions": "",
            "required": 0,
            "conditional_logic": 0,
            "wrapper": {
                "width": "",
                "class": "",
                "id": ""
            },
            "wpml_cf_preferences": 1,
            "choices": {
                "center": "Center"
            },
            "allow_custom": 0,
            "default_value": [],
            "layout": "vertical",
            "toggle": 0,
            "return_format": "value",
            "save_custom": 0
        },
        {
            "key": "field_638e9953a7307",
            "label": "Расположение кнопок",
            "name": "position_buttons_mobile",
            "aria-label": "",
            "type": "select",
            "instructions": "",
            "required": 0,
            "conditional_logic": 0,
            "wrapper": {
                "width": "",
                "class": "",
                "id": ""
            },
            "wpml_cf_preferences": 1,
            "choices": {
                "top": "Вверху",
                "bottom": "Внизу",
                "header": "В шапке"
            },
            "default_value": false,
            "allow_null": 0,
            "multiple": 0,
            "ui": 0,
            "return_format": "value",
            "ajax": 0,
            "placeholder": ""
        },
        {
            "key": "field_638e9849ef32e",
            "label": "Добавить виджет языка",
            "name": "is_widget_lanuage",
            "aria-label": "",
            "type": "true_false",
            "instructions": "",
            "required": 0,
            "conditional_logic": 0,
            "wrapper": {
                "width": "",
                "class": "",
                "id": ""
            },
            "wpml_cf_preferences": 1,
            "message": "",
            "default_value": 0,
            "ui": 0,
            "ui_on_text": "",
            "ui_off_text": ""
        },
        {
            "key": "field_638ea06ce5ded",
            "label": "Добавить бордер снизу\/сверху пунктов меню",
            "name": "is_border_menu_item",
            "aria-label": "",
            "type": "true_false",
            "instructions": "",
            "required": 0,
            "conditional_logic": 0,
            "wrapper": {
                "width": "",
                "class": "",
                "id": ""
            },
            "wpml_cf_preferences": 1,
            "message": "",
            "default_value": 0,
            "ui": 0,
            "ui_on_text": "",
            "ui_off_text": ""
        },
        {
            "key": "field_638ea68a77791",
            "label": "Показать\/скрыть иконки",
            "name": "is_icon_menu_item",
            "aria-label": "",
            "type": "true_false",
            "instructions": "",
            "required": 0,
            "conditional_logic": 0,
            "wrapper": {
                "width": "",
                "class": "",
                "id": ""
            },
            "wpml_cf_preferences": 1,
            "message": "",
            "default_value": 0,
            "ui": 0,
            "ui_on_text": "",
            "ui_off_text": ""
        },
        {
            "key": "field_638eb033ec7fd",
            "label": "Включить блок с рейтингом",
            "name": "is_rating_stars",
            "aria-label": "",
            "type": "true_false",
            "instructions": "",
            "required": 0,
            "conditional_logic": 0,
            "wrapper": {
                "width": "",
                "class": "",
                "id": ""
            },
            "wpml_cf_preferences": 1,
            "default_value": 0,
            "message": "",
            "ui": 0,
            "ui_on_text": "",
            "ui_off_text": ""
        }
    ],
    "location": [
        [
            {
                "param": "options_page",
                "operator": "==",
                "value": "theme-settings"
            }
        ]
    ],
    "menu_order": 0,
    "position": "normal",
    "style": "default",
    "label_placement": "top",
    "instruction_placement": "label",
    "hide_on_screen": "",
    "active": true,
    "description": "",
    "show_in_rest": 0,
    "modified": 1674608825
}