{
    "key": "group_61af138a8ffee",
    "title": "Текст и изображение",
    "fields": [
        {
            "key": "field_61b1d4566d5a2",
            "label": "Медиа",
            "name": "",
            "aria-label": "",
            "type": "tab",
            "instructions": "",
            "required": 0,
            "conditional_logic": 0,
            "wrapper": {
                "width": "",
                "class": "",
                "id": ""
            },
            "placement": "top",
            "endpoint": 0
        },
        {
            "key": "field_61b1e01610b7e",
            "label": "Включить медиа?",
            "name": "is_enable_media",
            "aria-label": "",
            "type": "true_false",
            "instructions": "",
            "required": 0,
            "conditional_logic": 0,
            "wrapper": {
                "width": "50",
                "class": "",
                "id": ""
            },
            "message": "",
            "default_value": 1,
            "ui": 0,
            "ui_on_text": "",
            "ui_off_text": ""
        },
        {
            "key": "field_61af166cd8e8a",
            "label": "Добавить изображение или видео?",
            "name": "is_add_image_video",
            "aria-label": "",
            "type": "select",
            "instructions": "",
            "required": 0,
            "conditional_logic": [
                [
                    {
                        "field": "field_61b1e01610b7e",
                        "operator": "==",
                        "value": "1"
                    }
                ]
            ],
            "wrapper": {
                "width": "50",
                "class": "",
                "id": ""
            },
            "wpml_cf_preferences": 1,
            "choices": {
                "image": "Изображение",
                "swiper": "Слайдер",
                "video": "Видео"
            },
            "default_value": "image",
            "return_format": "value",
            "multiple": 0,
            "allow_null": 0,
            "ui": 0,
            "ajax": 0,
            "placeholder": ""
        },
        {
            "key": "field_61af13ad01b23",
            "label": "Изображение",
            "name": "image",
            "aria-label": "",
            "type": "image",
            "instructions": "",
            "required": 0,
            "conditional_logic": [
                [
                    {
                        "field": "field_61af166cd8e8a",
                        "operator": "==",
                        "value": "image"
                    }
                ]
            ],
            "wrapper": {
                "width": "",
                "class": "",
                "id": ""
            },
            "wpml_cf_preferences": 1,
            "return_format": "id",
            "library": "all",
            "min_width": "",
            "min_height": "",
            "min_size": "",
            "max_width": "",
            "max_height": "",
            "max_size": "",
            "mime_types": "",
            "preview_size": "medium"
        },
        {
            "key": "field_63cf5a3bac794",
            "label": "Слайды",
            "name": "swiper",
            "aria-label": "",
            "type": "repeater",
            "instructions": "",
            "required": 0,
            "conditional_logic": [
                [
                    {
                        "field": "field_61af166cd8e8a",
                        "operator": "==",
                        "value": "swiper"
                    }
                ]
            ],
            "wrapper": {
                "width": "",
                "class": "",
                "id": ""
            },
            "wpml_cf_preferences": 1,
            "layout": "table",
            "pagination": 0,
            "min": 0,
            "max": 0,
            "collapsed": "",
            "button_label": "Add Row",
            "rows_per_page": 20,
            "sub_fields": [
                {
                    "key": "field_63cf5a9eac795",
                    "label": "Слайд",
                    "name": "swiper-slide",
                    "aria-label": "",
                    "type": "image",
                    "instructions": "",
                    "required": 0,
                    "conditional_logic": 0,
                    "wrapper": {
                        "width": "25",
                        "class": "",
                        "id": ""
                    },
                    "wpml_cf_preferences": 1,
                    "return_format": "id",
                    "library": "all",
                    "min_width": "",
                    "min_height": "",
                    "min_size": "",
                    "max_width": "",
                    "max_height": "",
                    "max_size": "",
                    "mime_types": "",
                    "preview_size": "thumbnail",
                    "parent_repeater": "field_63cf5a3bac794"
                }
            ]
        },
        {
            "key": "field_61b1e3216fe4d",
            "label": "Видео",
            "name": "video",
            "aria-label": "",
            "type": "group",
            "instructions": "",
            "required": 0,
            "conditional_logic": [
                [
                    {
                        "field": "field_61af166cd8e8a",
                        "operator": "==",
                        "value": "video"
                    }
                ]
            ],
            "wrapper": {
                "width": "",
                "class": "",
                "id": ""
            },
            "layout": "block",
            "sub_fields": [
                {
                    "key": "field_61b9a3237d974",
                    "label": "Видео с youtube или с сайта?",
                    "name": "youtube_site",
                    "aria-label": "",
                    "type": "select",
                    "instructions": "",
                    "required": 0,
                    "conditional_logic": 0,
                    "wrapper": {
                        "width": "",
                        "class": "",
                        "id": ""
                    },
                    "choices": {
                        "youtube": "Youtube",
                        "site": "С сайта"
                    },
                    "default_value": "youtube",
                    "allow_null": 0,
                    "multiple": 0,
                    "ui": 1,
                    "ajax": 0,
                    "return_format": "value",
                    "placeholder": ""
                },
                {
                    "key": "field_61b1e4562313a",
                    "label": "Embed-ссылка",
                    "name": "youtube_video_url",
                    "aria-label": "",
                    "type": "url",
                    "instructions": "",
                    "required": 0,
                    "conditional_logic": [
                        [
                            {
                                "field": "field_61b9a3237d974",
                                "operator": "==",
                                "value": "youtube"
                            }
                        ]
                    ],
                    "wrapper": {
                        "width": "",
                        "class": "",
                        "id": ""
                    },
                    "default_value": "",
                    "placeholder": ""
                },
                {
                    "key": "field_61b9a30b7d973",
                    "label": "Видео",
                    "name": "site_video_url",
                    "aria-label": "",
                    "type": "file",
                    "instructions": "",
                    "required": 0,
                    "conditional_logic": [
                        [
                            {
                                "field": "field_61b9a3237d974",
                                "operator": "==",
                                "value": "site"
                            }
                        ]
                    ],
                    "wrapper": {
                        "width": "",
                        "class": "",
                        "id": ""
                    },
                    "return_format": "array",
                    "library": "all",
                    "min_size": "",
                    "max_size": "",
                    "mime_types": "mp4, webm, ogg"
                },
                {
                    "key": "field_61b1e3976fe4e",
                    "label": "Название",
                    "name": "name",
                    "aria-label": "",
                    "type": "text",
                    "instructions": "",
                    "required": 0,
                    "conditional_logic": 0,
                    "wrapper": {
                        "width": "",
                        "class": "",
                        "id": ""
                    },
                    "default_value": "",
                    "placeholder": "",
                    "prepend": "",
                    "append": "",
                    "maxlength": ""
                },
                {
                    "key": "field_61b1e3c56fe4f",
                    "label": "Описание",
                    "name": "description",
                    "aria-label": "",
                    "type": "textarea",
                    "instructions": "",
                    "required": 0,
                    "conditional_logic": 0,
                    "wrapper": {
                        "width": "",
                        "class": "",
                        "id": ""
                    },
                    "default_value": "",
                    "placeholder": "",
                    "maxlength": "",
                    "rows": "",
                    "new_lines": ""
                },
                {
                    "key": "field_61b1e3de6fe50",
                    "label": "Превью",
                    "name": "thumbnail_id",
                    "aria-label": "",
                    "type": "image",
                    "instructions": "",
                    "required": 0,
                    "conditional_logic": 0,
                    "wrapper": {
                        "width": "",
                        "class": "",
                        "id": ""
                    },
                    "return_format": "id",
                    "preview_size": "medium",
                    "library": "all",
                    "min_width": "",
                    "min_height": "",
                    "min_size": "",
                    "max_width": "",
                    "max_height": "",
                    "max_size": "",
                    "mime_types": ""
                },
                {
                    "key": "field_61b1e4006fe51",
                    "label": "Дата загрузки",
                    "name": "upload_date",
                    "aria-label": "",
                    "type": "date_picker",
                    "instructions": "",
                    "required": 0,
                    "conditional_logic": 0,
                    "wrapper": {
                        "width": "",
                        "class": "",
                        "id": ""
                    },
                    "display_format": "d\/m\/Y",
                    "return_format": "d\/m\/Y",
                    "first_day": 1
                }
            ]
        },
        {
            "key": "field_61b1d46b6d5a3",
            "label": "Кнопки",
            "name": "",
            "aria-label": "",
            "type": "tab",
            "instructions": "",
            "required": 0,
            "conditional_logic": 0,
            "wrapper": {
                "width": "",
                "class": "",
                "id": ""
            },
            "placement": "top",
            "endpoint": 0
        },
        {
            "key": "field_61af13bf01b24",
            "label": "Добавить кнопки?",
            "name": "is_add_buttons",
            "aria-label": "",
            "type": "true_false",
            "instructions": "",
            "required": 0,
            "conditional_logic": 0,
            "wrapper": {
                "width": "",
                "class": "",
                "id": ""
            },
            "message": "",
            "default_value": 0,
            "ui": 0,
            "ui_on_text": "",
            "ui_off_text": ""
        },
        {
            "key": "field_61af13d301b25",
            "label": "Добавить кнопки",
            "name": "buttons",
            "aria-label": "",
            "type": "repeater",
            "instructions": "",
            "required": 0,
            "conditional_logic": [
                [
                    {
                        "field": "field_61af13bf01b24",
                        "operator": "==",
                        "value": "1"
                    }
                ]
            ],
            "wrapper": {
                "width": "",
                "class": "",
                "id": ""
            },
            "collapsed": "field_61af13e301b26",
            "min": 0,
            "max": 0,
            "layout": "block",
            "button_label": "Добавить кнопку",
            "sub_fields": [
                {
                    "key": "field_61af13e301b26",
                    "label": "Тип кнопки",
                    "name": "choose",
                    "aria-label": "",
                    "type": "select",
                    "instructions": "",
                    "required": 0,
                    "conditional_logic": 0,
                    "wrapper": {
                        "width": "50",
                        "class": "",
                        "id": ""
                    },
                    "choices": {
                        "input_link": "Ввести ссылку",
                        "chose_link": "Выбрать партнерскую"
                    },
                    "default_value": "input_link",
                    "allow_null": 0,
                    "multiple": 0,
                    "ui": 0,
                    "return_format": "value",
                    "ajax": 0,
                    "placeholder": "",
                    "parent_repeater": "field_61af13d301b25"
                },
                {
                    "key": "field_627d1bcc4a60f",
                    "label": "Включить кнопку с бонусом?",
                    "name": "is_enable_bonus",
                    "aria-label": "",
                    "type": "true_false",
                    "instructions": "",
                    "required": 0,
                    "conditional_logic": 0,
                    "wrapper": {
                        "width": "25",
                        "class": "",
                        "id": ""
                    },
                    "message": "",
                    "default_value": 0,
                    "ui": 0,
                    "ui_on_text": "",
                    "ui_off_text": "",
                    "parent_repeater": "field_61af13d301b25"
                },
                {
                    "key": "field_628355d42c53b",
                    "label": "Выводить ссылку?",
                    "name": "is_enable_link",
                    "aria-label": "",
                    "type": "true_false",
                    "instructions": "",
                    "required": 0,
                    "conditional_logic": [
                        [
                            {
                                "field": "field_627d1bcc4a60f",
                                "operator": "==",
                                "value": "1"
                            }
                        ]
                    ],
                    "wrapper": {
                        "width": "25",
                        "class": "",
                        "id": ""
                    },
                    "message": "",
                    "default_value": 1,
                    "ui": 0,
                    "ui_on_text": "",
                    "ui_off_text": "",
                    "parent_repeater": "field_61af13d301b25"
                },
                {
                    "key": "field_61b1d0e4f6ca6",
                    "label": "Ввести ссылку",
                    "name": "input_link",
                    "aria-label": "",
                    "type": "url",
                    "instructions": "",
                    "required": 0,
                    "conditional_logic": [
                        [
                            {
                                "field": "field_61af13e301b26",
                                "operator": "==",
                                "value": "input_link"
                            }
                        ]
                    ],
                    "wrapper": {
                        "width": "50",
                        "class": "",
                        "id": ""
                    },
                    "default_value": "",
                    "placeholder": "",
                    "parent_repeater": "field_61af13d301b25"
                },
                {
                    "key": "field_61b1d0f9f6ca7",
                    "label": "Выбрать партнерскую",
                    "name": "text_image_choose_link",
                    "aria-label": "",
                    "type": "select",
                    "instructions": "",
                    "required": 0,
                    "conditional_logic": [
                        [
                            {
                                "field": "field_61af13e301b26",
                                "operator": "==",
                                "value": "chose_link"
                            }
                        ]
                    ],
                    "wrapper": {
                        "width": "50",
                        "class": "",
                        "id": ""
                    },
                    "choices": [],
                    "default_value": false,
                    "allow_null": 0,
                    "multiple": 0,
                    "ui": 0,
                    "return_format": "value",
                    "ajax": 0,
                    "placeholder": "",
                    "parent_repeater": "field_61af13d301b25"
                },
                {
                    "key": "field_61b1d19cc69d9",
                    "label": "Заголовок",
                    "name": "title",
                    "aria-label": "",
                    "type": "text",
                    "instructions": "",
                    "required": 0,
                    "conditional_logic": 0,
                    "wrapper": {
                        "width": "50",
                        "class": "",
                        "id": ""
                    },
                    "default_value": "",
                    "placeholder": "",
                    "prepend": "",
                    "append": "",
                    "maxlength": "",
                    "parent_repeater": "field_61af13d301b25"
                },
                {
                    "key": "field_627cd1d5c4ad4",
                    "label": "Текст бонуса",
                    "name": "bonus_text",
                    "aria-label": "",
                    "type": "text",
                    "instructions": "",
                    "required": 0,
                    "conditional_logic": [
                        [
                            {
                                "field": "field_627d1bcc4a60f",
                                "operator": "==",
                                "value": "1"
                            }
                        ]
                    ],
                    "wrapper": {
                        "width": "",
                        "class": "",
                        "id": ""
                    },
                    "default_value": "",
                    "placeholder": "",
                    "prepend": "",
                    "append": "",
                    "maxlength": "",
                    "parent_repeater": "field_61af13d301b25"
                },
                {
                    "key": "field_61af140301b27",
                    "label": "Relations",
                    "name": "relations",
                    "aria-label": "",
                    "type": "select",
                    "instructions": "",
                    "required": 0,
                    "conditional_logic": [
                        [
                            {
                                "field": "field_61af13e301b26",
                                "operator": "!=",
                                "value": "bonus_button"
                            }
                        ]
                    ],
                    "wrapper": {
                        "width": "",
                        "class": "",
                        "id": ""
                    },
                    "choices": {
                        "nofollow": "Nofollow",
                        "norefferer": "Norefferer"
                    },
                    "default_value": [],
                    "allow_null": 0,
                    "multiple": 1,
                    "ui": 1,
                    "ajax": 0,
                    "return_format": "value",
                    "placeholder": "",
                    "parent_repeater": "field_61af13d301b25"
                },
                {
                    "key": "field_61af26aaf7c2b",
                    "label": "Стиль кнопки",
                    "name": "button_style",
                    "aria-label": "",
                    "type": "select",
                    "instructions": "Цвет и градиент берутся из настроек темы.",
                    "required": 0,
                    "conditional_logic": 0,
                    "wrapper": {
                        "width": "",
                        "class": "",
                        "id": ""
                    },
                    "choices": {
                        "outline": "Cплошной цвет",
                        "gradient": "Градиент",
                        "custom_color": "Выбрать цвет"
                    },
                    "default_value": "outline",
                    "allow_null": 0,
                    "multiple": 0,
                    "ui": 0,
                    "return_format": "value",
                    "ajax": 0,
                    "placeholder": "",
                    "parent_repeater": "field_61af13d301b25"
                },
                {
                    "key": "field_61af2889b6689",
                    "label": "Цвет",
                    "name": "colors",
                    "aria-label": "",
                    "type": "group",
                    "instructions": "",
                    "required": 0,
                    "conditional_logic": [
                        [
                            {
                                "field": "field_61af26aaf7c2b",
                                "operator": "==",
                                "value": "custom_color"
                            }
                        ]
                    ],
                    "wrapper": {
                        "width": "",
                        "class": "",
                        "id": ""
                    },
                    "layout": "block",
                    "sub_fields": [
                        {
                            "key": "field_61af28c6b668a",
                            "label": "Фон",
                            "name": "background",
                            "aria-label": "",
                            "type": "color_picker",
                            "instructions": "",
                            "required": 0,
                            "conditional_logic": 0,
                            "wrapper": {
                                "width": "50",
                                "class": "",
                                "id": ""
                            },
                            "default_value": "",
                            "enable_opacity": 1,
                            "return_format": "string"
                        },
                        {
                            "key": "field_61af2908b668d",
                            "label": "Фон при наведении",
                            "name": "background_hover",
                            "aria-label": "",
                            "type": "color_picker",
                            "instructions": "",
                            "required": 0,
                            "conditional_logic": 0,
                            "wrapper": {
                                "width": "50",
                                "class": "",
                                "id": ""
                            },
                            "default_value": "",
                            "enable_opacity": 1,
                            "return_format": "string"
                        },
                        {
                            "key": "field_61af28e0b668b",
                            "label": "Текст",
                            "name": "color",
                            "aria-label": "",
                            "type": "color_picker",
                            "instructions": "",
                            "required": 0,
                            "conditional_logic": 0,
                            "wrapper": {
                                "width": "50",
                                "class": "",
                                "id": ""
                            },
                            "default_value": "",
                            "enable_opacity": 0,
                            "return_format": "string"
                        },
                        {
                            "key": "field_61af291bb668e",
                            "label": "Текст при наведении",
                            "name": "color_hover",
                            "aria-label": "",
                            "type": "color_picker",
                            "instructions": "",
                            "required": 0,
                            "conditional_logic": 0,
                            "wrapper": {
                                "width": "50",
                                "class": "",
                                "id": ""
                            },
                            "default_value": "",
                            "enable_opacity": 0,
                            "return_format": "string"
                        },
                        {
                            "key": "field_61af28f2b668c",
                            "label": "Обводка",
                            "name": "border",
                            "aria-label": "",
                            "type": "color_picker",
                            "instructions": "",
                            "required": 0,
                            "conditional_logic": 0,
                            "wrapper": {
                                "width": "50",
                                "class": "",
                                "id": ""
                            },
                            "default_value": "",
                            "enable_opacity": 1,
                            "return_format": "string"
                        },
                        {
                            "key": "field_61af2927b668f",
                            "label": "Обводка при наведении",
                            "name": "border_hover",
                            "aria-label": "",
                            "type": "color_picker",
                            "instructions": "",
                            "required": 0,
                            "conditional_logic": 0,
                            "wrapper": {
                                "width": "50",
                                "class": "",
                                "id": ""
                            },
                            "default_value": "",
                            "enable_opacity": 1,
                            "return_format": "string"
                        },
                        {
                            "key": "field_627cd8fe9b296",
                            "label": "Фон для бонуса",
                            "name": "bonus_background",
                            "aria-label": "",
                            "type": "color_picker",
                            "instructions": "",
                            "required": 0,
                            "conditional_logic": [
                                [
                                    {
                                        "field": "field_627d1bcc4a60f",
                                        "operator": "==",
                                        "value": "1"
                                    }
                                ]
                            ],
                            "wrapper": {
                                "width": "50",
                                "class": "",
                                "id": ""
                            },
                            "default_value": "",
                            "enable_opacity": 1,
                            "return_format": "string"
                        },
                        {
                            "key": "field_627cd91a9b297",
                            "label": "Текст бонуса",
                            "name": "bonus_color",
                            "aria-label": "",
                            "type": "color_picker",
                            "instructions": "",
                            "required": 0,
                            "conditional_logic": [
                                [
                                    {
                                        "field": "field_627d1bcc4a60f",
                                        "operator": "==",
                                        "value": "1"
                                    }
                                ]
                            ],
                            "wrapper": {
                                "width": "50",
                                "class": "",
                                "id": ""
                            },
                            "default_value": "",
                            "enable_opacity": 0,
                            "return_format": "string"
                        },
                        {
                            "key": "field_61af293cb6690",
                            "label": "Тип обводки",
                            "name": "border_style",
                            "aria-label": "",
                            "type": "select",
                            "instructions": "",
                            "required": 0,
                            "conditional_logic": 0,
                            "wrapper": {
                                "width": "",
                                "class": "",
                                "id": ""
                            },
                            "choices": {
                                "dashed": "Точки",
                                "solid": "Сплошной"
                            },
                            "default_value": "dashed",
                            "allow_null": 0,
                            "multiple": 0,
                            "ui": 0,
                            "return_format": "value",
                            "ajax": 0,
                            "placeholder": ""
                        }
                    ],
                    "parent_repeater": "field_61af13d301b25"
                },
                {
                    "key": "field_628de10794154",
                    "label": "Добавить иконку для кнопки?",
                    "name": "is_add_icon",
                    "aria-label": "",
                    "type": "true_false",
                    "instructions": "",
                    "required": 0,
                    "conditional_logic": 0,
                    "wrapper": {
                        "width": "30",
                        "class": "",
                        "id": ""
                    },
                    "message": "",
                    "default_value": 0,
                    "ui": 0,
                    "ui_on_text": "",
                    "ui_off_text": "",
                    "parent_repeater": "field_61af13d301b25"
                },
                {
                    "key": "field_628de11a94155",
                    "label": "Иконка для кнопки",
                    "name": "button_icon",
                    "aria-label": "",
                    "type": "image",
                    "instructions": "",
                    "required": 0,
                    "conditional_logic": [
                        [
                            {
                                "field": "field_628de10794154",
                                "operator": "==",
                                "value": "1"
                            }
                        ]
                    ],
                    "wrapper": {
                        "width": "70",
                        "class": "",
                        "id": ""
                    },
                    "return_format": "id",
                    "preview_size": "medium",
                    "library": "all",
                    "min_width": "",
                    "min_height": "",
                    "min_size": "",
                    "max_width": "",
                    "max_height": "",
                    "max_size": "",
                    "mime_types": "",
                    "parent_repeater": "field_61af13d301b25"
                }
            ],
            "rows_per_page": 20
        },
        {
            "key": "field_61b1de8d2d301",
            "label": "Расположение и размеры",
            "name": "",
            "aria-label": "",
            "type": "tab",
            "instructions": "",
            "required": 0,
            "conditional_logic": 0,
            "wrapper": {
                "width": "",
                "class": "",
                "id": ""
            },
            "placement": "top",
            "endpoint": 0
        },
        {
            "key": "field_61af5ccb4ba9b",
            "label": "Изображение на мобильном вверху?",
            "name": "image_position_mobile",
            "aria-label": "",
            "type": "true_false",
            "instructions": "",
            "required": 0,
            "conditional_logic": 0,
            "wrapper": {
                "width": "40",
                "class": "",
                "id": ""
            },
            "message": "",
            "default_value": 1,
            "ui": 0,
            "ui_on_text": "",
            "ui_off_text": ""
        },
        {
            "key": "field_61af4aeaec058",
            "label": "Ширина текста",
            "name": "content_width",
            "aria-label": "",
            "type": "range",
            "instructions": "",
            "required": 0,
            "conditional_logic": 0,
            "wrapper": {
                "width": "",
                "class": "",
                "id": ""
            },
            "default_value": 60,
            "min": 1,
            "max": 100,
            "step": "",
            "prepend": "",
            "append": ""
        },
        {
            "key": "field_61b1dea22d302",
            "label": "Поменять текст и изображение местами?",
            "name": "reverse",
            "aria-label": "",
            "type": "true_false",
            "instructions": "",
            "required": 0,
            "conditional_logic": 0,
            "wrapper": {
                "width": "50",
                "class": "",
                "id": ""
            },
            "wpml_cf_preferences": 1,
            "message": "",
            "default_value": 0,
            "ui": 0,
            "ui_on_text": "",
            "ui_off_text": ""
        },
        {
            "key": "field_63bee401b80ed",
            "label": "Расположить горизонтально",
            "name": "horizontally",
            "aria-label": "",
            "type": "true_false",
            "instructions": "",
            "required": 0,
            "conditional_logic": 0,
            "wrapper": {
                "width": "50",
                "class": "",
                "id": ""
            },
            "wpml_cf_preferences": 1,
            "message": "",
            "default_value": 0,
            "ui": 0,
            "ui_on_text": "",
            "ui_off_text": ""
        }
    ],
    "location": [
        [
            {
                "param": "block",
                "operator": "==",
                "value": "acf\/media-text"
            }
        ]
    ],
    "menu_order": 0,
    "position": "normal",
    "style": "default",
    "label_placement": "top",
    "instruction_placement": "label",
    "hide_on_screen": "",
    "active": true,
    "description": "",
    "show_in_rest": 0,
    "modified": 1674700461
}