{
    "key": "group_61b306e529b0d",
    "title": "Таблица брендов",
    "fields": [
        {
            "key": "field_61b3086623e9f",
            "label": "Настройка таблицы",
            "name": "table_setup",
            "aria-label": "",
            "type": "group",
            "instructions": "",
            "required": 0,
            "conditional_logic": 0,
            "wrapper": {
                "width": "",
                "class": "",
                "id": ""
            },
            "wpml_cf_preferences": 1,
            "layout": "block",
            "sub_fields": [
                {
                    "key": "field_61b31b444f9e1",
                    "label": "Настройка брендов",
                    "name": "brand_setup",
                    "aria-label": "",
                    "type": "select",
                    "instructions": "",
                    "required": 0,
                    "conditional_logic": 0,
                    "wrapper": {
                        "width": "",
                        "class": "",
                        "id": ""
                    },
                    "choices": {
                        "global": "Глобальная настройка",
                        "choose_posts": "Выбрать страницы",
                        "custom": "Кастомная настройка"
                    },
                    "default_value": "global",
                    "allow_null": 0,
                    "multiple": 0,
                    "ui": 0,
                    "return_format": "value",
                    "ajax": 0,
                    "placeholder": ""
                },
                {
                    "key": "field_61b31bb64f9e3",
                    "label": "Название партнерской ссылки",
                    "name": "partner_link_title",
                    "aria-label": "",
                    "type": "text",
                    "instructions": "",
                    "required": 0,
                    "conditional_logic": 0,
                    "wrapper": {
                        "width": "",
                        "class": "",
                        "id": ""
                    },
                    "wpml_cf_preferences": 1,
                    "default_value": "",
                    "maxlength": "",
                    "placeholder": "",
                    "prepend": "",
                    "append": ""
                },
                {
                    "key": "field_61b31bc74f9e4",
                    "label": "Включать ссылку в названии бренда?",
                    "name": "enable_brand_title_link",
                    "aria-label": "",
                    "type": "true_false",
                    "instructions": "",
                    "required": 0,
                    "conditional_logic": 0,
                    "wrapper": {
                        "width": "",
                        "class": "",
                        "id": ""
                    },
                    "message": "",
                    "default_value": 0,
                    "ui": 0,
                    "ui_on_text": "",
                    "ui_off_text": ""
                }
            ]
        },
        {
            "key": "field_61b30e6523ea0",
            "label": "Глобальная настройка",
            "name": "global_setup",
            "aria-label": "",
            "type": "group",
            "instructions": "",
            "required": 0,
            "conditional_logic": [
                [
                    {
                        "field": "field_61b31b444f9e1",
                        "operator": "==",
                        "value": "global"
                    }
                ]
            ],
            "wrapper": {
                "width": "",
                "class": "",
                "id": ""
            },
            "layout": "block",
            "sub_fields": [
                {
                    "key": "field_61b30e9123ea1",
                    "label": "Количество брэндов",
                    "name": "counter",
                    "aria-label": "",
                    "type": "range",
                    "instructions": "",
                    "required": 0,
                    "conditional_logic": 0,
                    "wrapper": {
                        "width": "",
                        "class": "",
                        "id": ""
                    },
                    "default_value": "",
                    "min": "",
                    "max": "",
                    "step": "",
                    "prepend": "",
                    "append": ""
                }
            ]
        },
        {
            "key": "field_61b30fd623ea2",
            "label": "Выбрать страницы",
            "name": "choose_posts",
            "aria-label": "",
            "type": "group",
            "instructions": "",
            "required": 0,
            "conditional_logic": [
                [
                    {
                        "field": "field_61b31b444f9e1",
                        "operator": "==",
                        "value": "choose_posts"
                    }
                ]
            ],
            "wrapper": {
                "width": "",
                "class": "",
                "id": ""
            },
            "layout": "block",
            "sub_fields": [
                {
                    "key": "field_61b3100723ea3",
                    "label": "Страницы",
                    "name": "posts",
                    "aria-label": "",
                    "type": "relationship",
                    "instructions": "",
                    "required": 0,
                    "conditional_logic": 0,
                    "wrapper": {
                        "width": "",
                        "class": "",
                        "id": ""
                    },
                    "post_type": [
                        "page"
                    ],
                    "taxonomy": "",
                    "filters": [
                        "search"
                    ],
                    "elements": "",
                    "min": "",
                    "max": "",
                    "return_format": "id"
                }
            ]
        },
        {
            "key": "field_61b3105423ea4",
            "label": "Кастомная настройка",
            "name": "custom",
            "aria-label": "",
            "type": "group",
            "instructions": "",
            "required": 0,
            "conditional_logic": [
                [
                    {
                        "field": "field_61b31b444f9e1",
                        "operator": "==",
                        "value": "custom"
                    }
                ]
            ],
            "wrapper": {
                "width": "",
                "class": "",
                "id": ""
            },
            "layout": "block",
            "sub_fields": [
                {
                    "key": "field_61b3107923ea5",
                    "label": "Добавить бренд",
                    "name": "brands",
                    "aria-label": "",
                    "type": "repeater",
                    "instructions": "",
                    "required": 0,
                    "conditional_logic": 0,
                    "wrapper": {
                        "width": "",
                        "class": "",
                        "id": ""
                    },
                    "collapsed": "field_61b310b123ea7",
                    "min": 0,
                    "max": 0,
                    "layout": "block",
                    "button_label": "Добавить бренд",
                    "rows_per_page": 20,
                    "sub_fields": [
                        {
                            "key": "field_61b3109723ea6",
                            "label": "Иконка",
                            "name": "icon",
                            "aria-label": "",
                            "type": "image",
                            "instructions": "Прозрачная PNG обрезанная по размеру иконки. Цвет фона задается в настройках справа.",
                            "required": 0,
                            "conditional_logic": 0,
                            "wrapper": {
                                "width": "25",
                                "class": "",
                                "id": ""
                            },
                            "return_format": "id",
                            "preview_size": "medium",
                            "library": "all",
                            "min_width": "",
                            "min_height": "",
                            "min_size": "",
                            "max_width": "",
                            "max_height": "",
                            "max_size": "",
                            "mime_types": "",
                            "parent_repeater": "field_61b3107923ea5"
                        },
                        {
                            "key": "field_61b315b15c8cb",
                            "label": "Цвет фона иконки",
                            "name": "icon_background",
                            "aria-label": "",
                            "type": "color_picker",
                            "instructions": "",
                            "required": 0,
                            "conditional_logic": 0,
                            "wrapper": {
                                "width": "25",
                                "class": "",
                                "id": ""
                            },
                            "default_value": "",
                            "enable_opacity": 1,
                            "return_format": "string",
                            "parent_repeater": "field_61b3107923ea5"
                        },
                        {
                            "key": "field_61b310bb23ea8",
                            "label": "Ссылка на страницу бренда",
                            "name": "page_link",
                            "aria-label": "",
                            "type": "page_link",
                            "instructions": "",
                            "required": 0,
                            "conditional_logic": [
                                [
                                    {
                                        "field": "field_61b31bc74f9e4",
                                        "operator": "==",
                                        "value": "1"
                                    }
                                ]
                            ],
                            "wrapper": {
                                "width": "50",
                                "class": "",
                                "id": ""
                            },
                            "post_type": [
                                "page"
                            ],
                            "taxonomy": "",
                            "allow_null": 0,
                            "allow_archives": 0,
                            "multiple": 0,
                            "parent_repeater": "field_61b3107923ea5"
                        },
                        {
                            "key": "field_61b310b123ea7",
                            "label": "Название",
                            "name": "name",
                            "aria-label": "",
                            "type": "text",
                            "instructions": "",
                            "required": 0,
                            "conditional_logic": 0,
                            "wrapper": {
                                "width": "50",
                                "class": "",
                                "id": ""
                            },
                            "default_value": "",
                            "placeholder": "",
                            "prepend": "",
                            "append": "",
                            "maxlength": "",
                            "parent_repeater": "field_61b3107923ea5"
                        },
                        {
                            "key": "field_61b353e64002a",
                            "label": "Рейтинг",
                            "name": "rating",
                            "aria-label": "",
                            "type": "range",
                            "instructions": "",
                            "required": 0,
                            "conditional_logic": 0,
                            "wrapper": {
                                "width": "50",
                                "class": "",
                                "id": ""
                            },
                            "default_value": "",
                            "min": 0,
                            "max": 5,
                            "step": "0.1",
                            "prepend": "",
                            "append": "",
                            "parent_repeater": "field_61b3107923ea5"
                        },
                        {
                            "key": "field_63c547f63b335",
                            "label": "Название бонуса",
                            "name": "brands-bonus-title",
                            "aria-label": "",
                            "type": "text",
                            "instructions": "",
                            "required": 0,
                            "conditional_logic": 0,
                            "wrapper": {
                                "width": "30",
                                "class": "",
                                "id": ""
                            },
                            "wpml_cf_preferences": 1,
                            "default_value": "",
                            "placeholder": "",
                            "prepend": "",
                            "append": "",
                            "maxlength": "",
                            "parent_repeater": "field_61b3107923ea5"
                        },
                        {
                            "key": "field_61b310dd23ea9",
                            "label": "Бонус",
                            "name": "bonus",
                            "aria-label": "",
                            "type": "textarea",
                            "instructions": "",
                            "required": 0,
                            "conditional_logic": 0,
                            "wrapper": {
                                "width": "30",
                                "class": "",
                                "id": ""
                            },
                            "wpml_cf_preferences": 1,
                            "default_value": "",
                            "placeholder": "",
                            "maxlength": "",
                            "rows": 1,
                            "new_lines": "",
                            "parent_repeater": "field_61b3107923ea5"
                        },
                        {
                            "key": "field_63c548a53b336",
                            "label": "Описание бонуса",
                            "name": "brands-bonus-description",
                            "aria-label": "",
                            "type": "text",
                            "instructions": "",
                            "required": 0,
                            "conditional_logic": 0,
                            "wrapper": {
                                "width": "30",
                                "class": "",
                                "id": ""
                            },
                            "wpml_cf_preferences": 1,
                            "default_value": "",
                            "placeholder": "",
                            "prepend": "",
                            "append": "",
                            "maxlength": "",
                            "parent_repeater": "field_61b3107923ea5"
                        },
                        {
                            "key": "field_61b310e923eaa",
                            "label": "Преимущества",
                            "name": "cons",
                            "aria-label": "",
                            "type": "repeater",
                            "instructions": "",
                            "required": 0,
                            "conditional_logic": 0,
                            "wrapper": {
                                "width": "",
                                "class": "",
                                "id": ""
                            },
                            "collapsed": "",
                            "min": 0,
                            "max": 0,
                            "layout": "table",
                            "button_label": "Добавить преимущество",
                            "rows_per_page": 20,
                            "sub_fields": [
                                {
                                    "key": "field_61b3111323eab",
                                    "label": "Добавить",
                                    "name": "item",
                                    "aria-label": "",
                                    "type": "text",
                                    "instructions": "",
                                    "required": 0,
                                    "conditional_logic": 0,
                                    "wrapper": {
                                        "width": "",
                                        "class": "",
                                        "id": ""
                                    },
                                    "default_value": "",
                                    "placeholder": "",
                                    "prepend": "",
                                    "append": "",
                                    "maxlength": "",
                                    "parent_repeater": "field_61b310e923eaa"
                                }
                            ],
                            "parent_repeater": "field_61b3107923ea5"
                        },
                        {
                            "key": "field_61b705f0adf28",
                            "label": "Ввести или выбрать партнерскую ссылку?",
                            "name": "choose_link",
                            "aria-label": "",
                            "type": "select",
                            "instructions": "",
                            "required": 0,
                            "conditional_logic": 0,
                            "wrapper": {
                                "width": "50",
                                "class": "",
                                "id": ""
                            },
                            "choices": {
                                "input_link": "Ввести ссылку",
                                "chose_link": "Выбрать партнерскую"
                            },
                            "default_value": "input_link",
                            "allow_null": 0,
                            "multiple": 0,
                            "ui": 1,
                            "ajax": 0,
                            "return_format": "value",
                            "placeholder": "",
                            "parent_repeater": "field_61b3107923ea5"
                        },
                        {
                            "key": "field_61b7063cadf29",
                            "label": "Ввести ссылку",
                            "name": "input_link",
                            "aria-label": "",
                            "type": "url",
                            "instructions": "",
                            "required": 0,
                            "conditional_logic": [
                                [
                                    {
                                        "field": "field_61b705f0adf28",
                                        "operator": "==",
                                        "value": "input_link"
                                    }
                                ]
                            ],
                            "wrapper": {
                                "width": "50",
                                "class": "",
                                "id": ""
                            },
                            "default_value": "",
                            "placeholder": "",
                            "parent_repeater": "field_61b3107923ea5"
                        },
                        {
                            "key": "field_63d25e00f0f9d",
                            "label": "Включить иконку?",
                            "name": "button_icon",
                            "aria-label": "",
                            "type": "true_false",
                            "instructions": "",
                            "required": 0,
                            "conditional_logic": 0,
                            "wrapper": {
                                "width": "",
                                "class": "",
                                "id": ""
                            },
                            "wpml_cf_preferences": 1,
                            "message": "",
                            "default_value": 0,
                            "ui_on_text": "",
                            "ui_off_text": "",
                            "ui": 0,
                            "parent_repeater": "field_61b3107923ea5"
                        },
                        {
                            "key": "field_63d25e65f0f9e",
                            "label": "Иконка",
                            "name": "button_icon_use",
                            "aria-label": "",
                            "type": "select",
                            "instructions": "",
                            "required": 0,
                            "conditional_logic": [
                                [
                                    {
                                        "field": "field_63d25e00f0f9d",
                                        "operator": "==",
                                        "value": "1"
                                    }
                                ]
                            ],
                            "wrapper": {
                                "width": "",
                                "class": "",
                                "id": ""
                            },
                            "wpml_cf_preferences": 1,
                            "choices": {
                                "arrow": "Стрелочка",
                                "comment": "Комментарии"
                            },
                            "default_value": false,
                            "return_format": "value",
                            "multiple": 0,
                            "allow_null": 0,
                            "ui": 0,
                            "ajax": 0,
                            "placeholder": "",
                            "parent_repeater": "field_61b3107923ea5"
                        },
                        {
                            "key": "field_61b7064badf2a",
                            "label": "Выбрать партнерскую",
                            "name": "custom_table_setup_choose_link",
                            "aria-label": "",
                            "type": "select",
                            "instructions": "",
                            "required": 0,
                            "conditional_logic": [
                                [
                                    {
                                        "field": "field_61b705f0adf28",
                                        "operator": "==",
                                        "value": "chose_link"
                                    }
                                ]
                            ],
                            "wrapper": {
                                "width": "50",
                                "class": "",
                                "id": ""
                            },
                            "choices": [],
                            "default_value": false,
                            "allow_null": 0,
                            "multiple": 0,
                            "ui": 0,
                            "return_format": "value",
                            "ajax": 0,
                            "placeholder": "",
                            "parent_repeater": "field_61b3107923ea5"
                        },
                        {
                            "key": "field_61b70d6321888",
                            "label": "Relations для ссылки",
                            "name": "link_relations",
                            "aria-label": "",
                            "type": "select",
                            "instructions": "",
                            "required": 0,
                            "conditional_logic": 0,
                            "wrapper": {
                                "width": "",
                                "class": "",
                                "id": ""
                            },
                            "choices": {
                                "nofollow": "Nofollow",
                                "norefferer": "Norefferer"
                            },
                            "default_value": [],
                            "allow_null": 0,
                            "multiple": 1,
                            "ui": 1,
                            "ajax": 0,
                            "return_format": "value",
                            "placeholder": "",
                            "parent_repeater": "field_61b3107923ea5"
                        }
                    ]
                }
            ]
        }
    ],
    "location": [
        [
            {
                "param": "block",
                "operator": "==",
                "value": "acf\/brands"
            }
        ]
    ],
    "menu_order": 0,
    "position": "normal",
    "style": "default",
    "label_placement": "top",
    "instruction_placement": "label",
    "hide_on_screen": "",
    "active": true,
    "description": "",
    "show_in_rest": 0,
    "modified": 1674733939
}