{
    "key": "group_61b60ea91bbf7",
    "title": "Секция",
    "fields": [
        {
            "key": "field_61b60eb5f115f",
            "label": "Тэг секции",
            "name": "section_tag",
            "aria-label": "",
            "type": "select",
            "instructions": "",
            "required": 0,
            "conditional_logic": 0,
            "wrapper": {
                "width": "",
                "class": "",
                "id": ""
            },
            "choices": {
                "section": "Section",
                "article": "Article",
                "div": "Div",
                "header": "Header",
                "footer": "Footer",
                "span": "Span",
                "main": "Main"
            },
            "default_value": "section",
            "allow_null": 0,
            "multiple": 0,
            "ui": 1,
            "ajax": 0,
            "return_format": "value",
            "placeholder": ""
        },
        {
            "key": "field_61b60f02f1160",
            "label": "Цвет фона",
            "name": "background_color",
            "aria-label": "",
            "type": "color_picker",
            "instructions": "",
            "required": 0,
            "conditional_logic": 0,
            "wrapper": {
                "width": "30",
                "class": "",
                "id": ""
            },
            "wpml_cf_preferences": 1,
            "default_value": "",
            "enable_opacity": 1,
            "return_format": "string"
        },
        {
            "key": "field_63bc2b404f58b",
            "label": "Изображение-фон",
            "name": "background_image",
            "aria-label": "",
            "type": "image",
            "instructions": "",
            "required": 0,
            "conditional_logic": 0,
            "wrapper": {
                "width": "30",
                "class": "",
                "id": ""
            },
            "wpml_cf_preferences": 1,
            "return_format": "id",
            "library": "all",
            "min_width": "",
            "min_height": "",
            "min_size": "",
            "max_width": "",
            "max_height": "",
            "max_size": "",
            "mime_types": "",
            "preview_size": "thumbnail"
        },
        {
            "key": "field_63bea2e635ad1",
            "label": "Затемнение изображения",
            "name": "opacity",
            "aria-label": "",
            "type": "range",
            "instructions": "",
            "required": 0,
            "conditional_logic": [
                [
                    {
                        "field": "field_63bc2b404f58b",
                        "operator": "!=empty"
                    }
                ]
            ],
            "wrapper": {
                "width": "30",
                "class": "",
                "id": ""
            },
            "wpml_cf_preferences": 1,
            "default_value": "",
            "min": 0,
            "max": "0.8",
            "step": "0.2",
            "prepend": "",
            "append": ""
        },
        {
            "key": "field_61c09fc59a291",
            "label": "Анкор для TOC",
            "name": "section_anchor",
            "aria-label": "",
            "type": "text",
            "instructions": "Вводить без символа #",
            "required": 0,
            "conditional_logic": 0,
            "wrapper": {
                "width": "",
                "class": "",
                "id": ""
            },
            "default_value": "",
            "placeholder": "anchor",
            "prepend": "",
            "append": "",
            "maxlength": ""
        },
        {
            "key": "field_61cc388b88e03",
            "label": "Цвет хлебных крошек",
            "name": "breadcrumbs_color",
            "aria-label": "",
            "type": "color_picker",
            "instructions": "",
            "required": 0,
            "conditional_logic": 0,
            "wrapper": {
                "width": "50",
                "class": "",
                "id": ""
            },
            "default_value": "",
            "enable_opacity": 0,
            "return_format": "string"
        },
        {
            "key": "field_61cc38bd88e04",
            "label": "Цвет хлебных крошек при наведении",
            "name": "breadcrumbs_color_hover",
            "aria-label": "",
            "type": "color_picker",
            "instructions": "",
            "required": 0,
            "conditional_logic": 0,
            "wrapper": {
                "width": "50",
                "class": "",
                "id": ""
            },
            "default_value": "",
            "enable_opacity": 0,
            "return_format": "string"
        },
        {
            "key": "field_63ceb63acc348",
            "label": "Добавить разделитель снизу",
            "name": "divider_after",
            "aria-label": "",
            "type": "true_false",
            "instructions": "",
            "required": 0,
            "conditional_logic": 0,
            "wrapper": {
                "width": "",
                "class": "",
                "id": ""
            },
            "wpml_cf_preferences": 1,
            "message": "",
            "default_value": 0,
            "ui_on_text": "",
            "ui_off_text": "",
            "ui": 0
        }
    ],
    "location": [
        [
            {
                "param": "block",
                "operator": "==",
                "value": "acf\/section"
            }
        ]
    ],
    "menu_order": 0,
    "position": "normal",
    "style": "default",
    "label_placement": "top",
    "instruction_placement": "label",
    "hide_on_screen": "",
    "active": true,
    "description": "",
    "show_in_rest": 0,
    "modified": 1674493887
}