{
    "key": "group_63c566653b4ef",
    "title": "Блок бренда",
    "fields": [
        {
            "key": "field_63c9fcac67a42",
            "label": "Бренд",
            "name": "",
            "aria-label": "",
            "type": "tab",
            "instructions": "",
            "required": 0,
            "conditional_logic": 0,
            "wrapper": {
                "width": "",
                "class": "",
                "id": ""
            },
            "wpml_cf_preferences": 1,
            "placement": "top",
            "endpoint": 0
        },
        {
            "key": "field_63c9fb6467a41",
            "label": "Выберите бренд",
            "name": "is_brand",
            "aria-label": "",
            "type": "post_object",
            "instructions": "Логотип и фон логотипа тянутся из настроек бренда на страницах.",
            "required": 0,
            "conditional_logic": 0,
            "wrapper": {
                "width": "",
                "class": "",
                "id": ""
            },
            "wpml_cf_preferences": 1,
            "post_type": [
                "page"
            ],
            "taxonomy": "",
            "return_format": "id",
            "multiple": 0,
            "allow_null": 0,
            "ui": 1
        },
        {
            "key": "field_63c8228c70dc0",
            "label": "Настройки верхнего блока",
            "name": "",
            "aria-label": "",
            "type": "tab",
            "instructions": "",
            "required": 0,
            "conditional_logic": 0,
            "wrapper": {
                "width": "",
                "class": "",
                "id": ""
            },
            "wpml_cf_preferences": 1,
            "placement": "top",
            "endpoint": 0
        },
        {
            "key": "field_63c80d2fc2fdb",
            "label": "Цвет текста",
            "name": "brand-screen-color",
            "aria-label": "",
            "type": "color_picker",
            "instructions": "",
            "required": 0,
            "conditional_logic": 0,
            "wrapper": {
                "width": "50",
                "class": "",
                "id": ""
            },
            "wpml_cf_preferences": 1,
            "default_value": "",
            "enable_opacity": 0,
            "return_format": "string"
        },
        {
            "key": "field_63c6920440223",
            "label": "Затемнение фона верхнего блока",
            "name": "opacity-bg",
            "aria-label": "",
            "type": "range",
            "instructions": "Цвет берётся из фона логотипа",
            "required": 0,
            "conditional_logic": 0,
            "wrapper": {
                "width": "",
                "class": "",
                "id": ""
            },
            "wpml_cf_preferences": 1,
            "default_value": "",
            "min": 0,
            "max": "0.6",
            "step": "0.1",
            "prepend": "",
            "append": ""
        },
        {
            "key": "field_63c822d416e5f",
            "label": "Бонус",
            "name": "",
            "aria-label": "",
            "type": "tab",
            "instructions": "",
            "required": 0,
            "conditional_logic": 0,
            "wrapper": {
                "width": "",
                "class": "",
                "id": ""
            },
            "wpml_cf_preferences": 1,
            "placement": "top",
            "endpoint": 0
        },
        {
            "key": "field_63c572f284fe1",
            "label": "Бонус",
            "name": "bonus",
            "aria-label": "",
            "type": "repeater",
            "instructions": "",
            "required": 0,
            "conditional_logic": 0,
            "wrapper": {
                "width": "",
                "class": "",
                "id": ""
            },
            "wpml_cf_preferences": 1,
            "layout": "table",
            "pagination": 0,
            "min": 0,
            "max": 0,
            "collapsed": "",
            "button_label": "Add Row",
            "rows_per_page": 20,
            "sub_fields": [
                {
                    "key": "field_63c5732384fe2",
                    "label": "Выбрать иконку",
                    "name": "is_icon_bonus",
                    "aria-label": "",
                    "type": "select",
                    "instructions": "",
                    "required": 0,
                    "conditional_logic": 0,
                    "wrapper": {
                        "width": "",
                        "class": "",
                        "id": ""
                    },
                    "wpml_cf_preferences": 1,
                    "choices": {
                        "percent": "Процент",
                        "present": "Подарок"
                    },
                    "default_value": "present",
                    "return_format": "value",
                    "multiple": 0,
                    "allow_null": 0,
                    "ui": 0,
                    "ajax": 0,
                    "placeholder": "",
                    "parent_repeater": "field_63c572f284fe1"
                },
                {
                    "key": "field_63c576f484fe3",
                    "label": "Описание бонуса",
                    "name": "bonus_description",
                    "aria-label": "",
                    "type": "wysiwyg",
                    "instructions": "",
                    "required": 0,
                    "conditional_logic": 0,
                    "wrapper": {
                        "width": "",
                        "class": "",
                        "id": ""
                    },
                    "wpml_cf_preferences": 3,
                    "default_value": "",
                    "tabs": "all",
                    "toolbar": "full",
                    "media_upload": 1,
                    "delay": 0,
                    "parent_repeater": "field_63c572f284fe1"
                }
            ]
        },
        {
            "key": "field_63cea106627ba",
            "label": "Нижний блок",
            "name": "",
            "aria-label": "",
            "type": "tab",
            "instructions": "",
            "required": 0,
            "conditional_logic": 0,
            "wrapper": {
                "width": "",
                "class": "",
                "id": ""
            },
            "wpml_cf_preferences": 1,
            "placement": "top",
            "endpoint": 0
        },
        {
            "key": "field_63cea18a627bb",
            "label": "Включить нижний блок (список, депозиты, изображение)",
            "name": "brand_screen_bottom",
            "aria-label": "",
            "type": "true_false",
            "instructions": "",
            "required": 0,
            "conditional_logic": 0,
            "wrapper": {
                "width": "",
                "class": "",
                "id": ""
            },
            "wpml_cf_preferences": 1,
            "message": "",
            "default_value": 0,
            "ui_on_text": "",
            "ui_off_text": "",
            "ui": 0
        },
        {
            "key": "field_63c6d6c71344f",
            "label": "Список",
            "name": "",
            "aria-label": "",
            "type": "tab",
            "instructions": "",
            "required": 0,
            "conditional_logic": 0,
            "wrapper": {
                "width": "",
                "class": "",
                "id": ""
            },
            "wpml_cf_preferences": 1,
            "placement": "top",
            "endpoint": 0
        },
        {
            "key": "field_63c6d8c508025",
            "label": "Список",
            "name": "lists",
            "aria-label": "",
            "type": "group",
            "instructions": "",
            "required": 0,
            "conditional_logic": 0,
            "wrapper": {
                "width": "",
                "class": "",
                "id": ""
            },
            "wpml_cf_preferences": 1,
            "layout": "block",
            "sub_fields": [
                {
                    "key": "field_63c6d73837c7e",
                    "label": "Список с заголовком",
                    "name": "list",
                    "aria-label": "",
                    "type": "repeater",
                    "instructions": "",
                    "required": 0,
                    "conditional_logic": 0,
                    "wrapper": {
                        "width": "",
                        "class": "",
                        "id": ""
                    },
                    "wpml_cf_preferences": 1,
                    "layout": "table",
                    "pagination": 0,
                    "min": 0,
                    "max": 0,
                    "collapsed": "",
                    "button_label": "Add Row",
                    "rows_per_page": 20,
                    "sub_fields": [
                        {
                            "key": "field_63c6d5455ff7c",
                            "label": "Заголовок",
                            "name": "list_title",
                            "aria-label": "",
                            "type": "text",
                            "instructions": "",
                            "required": 0,
                            "conditional_logic": 0,
                            "wrapper": {
                                "width": "25",
                                "class": "",
                                "id": ""
                            },
                            "wpml_cf_preferences": 3,
                            "default_value": "",
                            "maxlength": "",
                            "placeholder": "",
                            "prepend": "",
                            "append": "",
                            "parent_repeater": "field_63c6d73837c7e"
                        },
                        {
                            "key": "field_63c6d55d5ff7d",
                            "label": "Список внутри",
                            "name": "list_items",
                            "aria-label": "",
                            "type": "repeater",
                            "instructions": "",
                            "required": 0,
                            "conditional_logic": 0,
                            "wrapper": {
                                "width": "75",
                                "class": "",
                                "id": ""
                            },
                            "wpml_cf_preferences": 1,
                            "layout": "table",
                            "pagination": 0,
                            "min": 0,
                            "max": 0,
                            "collapsed": "",
                            "button_label": "Add Row",
                            "rows_per_page": 20,
                            "sub_fields": [
                                {
                                    "key": "field_63c6d5885ff7e",
                                    "label": "Иконка списка",
                                    "name": "list_item_li_icon",
                                    "aria-label": "",
                                    "type": "select",
                                    "instructions": "",
                                    "required": 0,
                                    "conditional_logic": 0,
                                    "wrapper": {
                                        "width": "",
                                        "class": "",
                                        "id": ""
                                    },
                                    "wpml_cf_preferences": 1,
                                    "choices": {
                                        "plus": "Плюс",
                                        "minus": "Минус",
                                        "tick": "Галочка"
                                    },
                                    "default_value": "tick",
                                    "return_format": "value",
                                    "multiple": 0,
                                    "allow_null": 0,
                                    "ui": 0,
                                    "ajax": 0,
                                    "placeholder": "",
                                    "parent_repeater": "field_63c6d55d5ff7d"
                                },
                                {
                                    "key": "field_63c6d6105ff7f",
                                    "label": "Пункты списка",
                                    "name": "list_item_li",
                                    "aria-label": "",
                                    "type": "repeater",
                                    "instructions": "",
                                    "required": 0,
                                    "conditional_logic": 0,
                                    "wrapper": {
                                        "width": "",
                                        "class": "",
                                        "id": ""
                                    },
                                    "wpml_cf_preferences": 1,
                                    "layout": "table",
                                    "pagination": 0,
                                    "min": 0,
                                    "max": 0,
                                    "collapsed": "",
                                    "button_label": "Add Row",
                                    "rows_per_page": 20,
                                    "sub_fields": [
                                        {
                                            "key": "field_63c6d62e5ff80",
                                            "label": "Пункты",
                                            "name": "list_item_li_text",
                                            "aria-label": "",
                                            "type": "text",
                                            "instructions": "",
                                            "required": 0,
                                            "conditional_logic": 0,
                                            "wrapper": {
                                                "width": "",
                                                "class": "",
                                                "id": ""
                                            },
                                            "wpml_cf_preferences": 3,
                                            "default_value": "",
                                            "maxlength": "",
                                            "placeholder": "",
                                            "prepend": "",
                                            "append": "",
                                            "parent_repeater": "field_63c6d6105ff7f"
                                        }
                                    ],
                                    "parent_repeater": "field_63c6d55d5ff7d"
                                }
                            ],
                            "parent_repeater": "field_63c6d73837c7e"
                        }
                    ]
                }
            ]
        },
        {
            "key": "field_63c81f9813de1",
            "label": "Медиа",
            "name": "",
            "aria-label": "",
            "type": "tab",
            "instructions": "",
            "required": 0,
            "conditional_logic": 0,
            "wrapper": {
                "width": "",
                "class": "",
                "id": ""
            },
            "wpml_cf_preferences": 1,
            "placement": "top",
            "endpoint": 0
        },
        {
            "key": "field_63c81faf13de2",
            "label": "Изображение",
            "name": "brand-screen-bottom-media",
            "aria-label": "",
            "type": "image",
            "instructions": "",
            "required": 0,
            "conditional_logic": 0,
            "wrapper": {
                "width": "",
                "class": "",
                "id": ""
            },
            "wpml_cf_preferences": 1,
            "return_format": "id",
            "library": "all",
            "min_width": "",
            "min_height": "",
            "min_size": "",
            "max_width": "",
            "max_height": "",
            "max_size": "",
            "mime_types": "",
            "preview_size": "medium"
        },
        {
            "key": "field_63c823307afae",
            "label": "Методы",
            "name": "",
            "aria-label": "",
            "type": "tab",
            "instructions": "",
            "required": 0,
            "conditional_logic": 0,
            "wrapper": {
                "width": "",
                "class": "",
                "id": ""
            },
            "wpml_cf_preferences": 1,
            "placement": "top",
            "endpoint": 0
        }
    ],
    "location": [
        [
            {
                "param": "block",
                "operator": "==",
                "value": "acf\/brand-screen"
            }
        ]
    ],
    "menu_order": 0,
    "position": "normal",
    "style": "default",
    "label_placement": "top",
    "instruction_placement": "label",
    "hide_on_screen": "",
    "active": true,
    "description": "",
    "show_in_rest": 0,
    "modified": 1674729651
}