{
    "key": "group_61c065b8e77ec",
    "title": "Блок для перелинковки",
    "fields": [
        {
            "key": "field_61c065c723450",
            "label": "Добавить записи",
            "name": "",
            "aria-label": "",
            "type": "tab",
            "instructions": "",
            "required": 0,
            "conditional_logic": 0,
            "wrapper": {
                "width": "",
                "class": "",
                "id": ""
            },
            "wpml_cf_preferences": 3,
            "placement": "top",
            "endpoint": 0
        },
        {
            "key": "field_61c065e323451",
            "label": "Добавить записи",
            "name": "choose_posts",
            "aria-label": "",
            "type": "repeater",
            "instructions": "",
            "required": 0,
            "conditional_logic": 0,
            "wrapper": {
                "width": "",
                "class": "",
                "id": ""
            },
            "wpml_cf_preferences": 1,
            "layout": "block",
            "pagination": 0,
            "min": 0,
            "max": 3,
            "collapsed": "field_61c066a723454",
            "button_label": "Добавить запись",
            "rows_per_page": 20,
            "sub_fields": [
                {
                    "key": "field_61dd42925b66a",
                    "label": "Тип ссылки",
                    "name": "link_type",
                    "aria-label": "",
                    "type": "select",
                    "instructions": "",
                    "required": 0,
                    "conditional_logic": 0,
                    "wrapper": {
                        "width": "30",
                        "class": "",
                        "id": ""
                    },
                    "choices": {
                        "page_link": "Ссылка на запись",
                        "copy_select_link": "Выбрать партнерскую",
                        "input_link": "Ввести ссылку"
                    },
                    "default_value": false,
                    "allow_null": 0,
                    "multiple": 0,
                    "ui": 0,
                    "return_format": "value",
                    "ajax": 0,
                    "placeholder": "",
                    "parent_repeater": "field_61c065e323451"
                },
                {
                    "key": "field_61c066a723454",
                    "label": "Ссылка на запись",
                    "name": "page_link",
                    "aria-label": "",
                    "type": "page_link",
                    "instructions": "",
                    "required": 0,
                    "conditional_logic": [
                        [
                            {
                                "field": "field_61dd42925b66a",
                                "operator": "==",
                                "value": "page_link"
                            }
                        ]
                    ],
                    "wrapper": {
                        "width": "70",
                        "class": "",
                        "id": ""
                    },
                    "post_type": [
                        "post",
                        "page"
                    ],
                    "taxonomy": "",
                    "allow_null": 0,
                    "allow_archives": 0,
                    "multiple": 0,
                    "parent_repeater": "field_61c065e323451"
                },
                {
                    "key": "field_61dd456b5b66b",
                    "label": "Выбрать партнерскую",
                    "name": "copy_select_link",
                    "aria-label": "",
                    "type": "select",
                    "instructions": "",
                    "required": 0,
                    "conditional_logic": [
                        [
                            {
                                "field": "field_61dd42925b66a",
                                "operator": "==",
                                "value": "copy_select_link"
                            }
                        ]
                    ],
                    "wrapper": {
                        "width": "70",
                        "class": "",
                        "id": ""
                    },
                    "choices": [],
                    "default_value": false,
                    "allow_null": 0,
                    "multiple": 0,
                    "ui": 0,
                    "return_format": "value",
                    "ajax": 0,
                    "placeholder": "",
                    "parent_repeater": "field_61c065e323451"
                },
                {
                    "key": "field_61dd45965b66c",
                    "label": "Ввести ссылку",
                    "name": "input_link",
                    "aria-label": "",
                    "type": "url",
                    "instructions": "",
                    "required": 0,
                    "conditional_logic": [
                        [
                            {
                                "field": "field_61dd42925b66a",
                                "operator": "==",
                                "value": "input_link"
                            }
                        ]
                    ],
                    "wrapper": {
                        "width": "70",
                        "class": "",
                        "id": ""
                    },
                    "default_value": "",
                    "placeholder": "",
                    "parent_repeater": "field_61c065e323451"
                },
                {
                    "key": "field_61c066d823455",
                    "label": "Заголовок",
                    "name": "title",
                    "aria-label": "",
                    "type": "text",
                    "instructions": "",
                    "required": 0,
                    "conditional_logic": 0,
                    "wrapper": {
                        "width": "50",
                        "class": "",
                        "id": ""
                    },
                    "default_value": "",
                    "placeholder": "",
                    "prepend": "",
                    "append": "",
                    "maxlength": "",
                    "parent_repeater": "field_61c065e323451"
                },
                {
                    "key": "field_61c066e323456",
                    "label": "Текст",
                    "name": "text",
                    "aria-label": "",
                    "type": "textarea",
                    "instructions": "",
                    "required": 0,
                    "conditional_logic": 0,
                    "wrapper": {
                        "width": "50",
                        "class": "",
                        "id": ""
                    },
                    "default_value": "",
                    "placeholder": "",
                    "maxlength": "",
                    "rows": 3,
                    "new_lines": "",
                    "parent_repeater": "field_61c065e323451"
                },
                {
                    "key": "field_61c06cc7daba7",
                    "label": "Изображение",
                    "name": "image",
                    "aria-label": "",
                    "type": "image",
                    "instructions": "",
                    "required": 0,
                    "conditional_logic": 0,
                    "wrapper": {
                        "width": "",
                        "class": "",
                        "id": ""
                    },
                    "return_format": "id",
                    "preview_size": "medium",
                    "library": "all",
                    "min_width": "",
                    "min_height": "",
                    "min_size": "",
                    "max_width": "",
                    "max_height": "",
                    "max_size": "",
                    "mime_types": "",
                    "parent_repeater": "field_61c065e323451"
                },
                {
                    "key": "field_63d2023f158a9",
                    "label": "Блок с иконками",
                    "name": "",
                    "aria-label": "",
                    "type": "tab",
                    "instructions": "",
                    "required": 0,
                    "conditional_logic": 0,
                    "wrapper": {
                        "width": "",
                        "class": "",
                        "id": ""
                    },
                    "wpml_cf_preferences": 1,
                    "placement": "top",
                    "endpoint": 0,
                    "parent_repeater": "field_61c065e323451"
                },
                {
                    "key": "field_63d203e68eec4",
                    "label": "Блок с иконками group",
                    "name": "block_icon_group",
                    "aria-label": "",
                    "type": "group",
                    "instructions": "",
                    "required": 0,
                    "conditional_logic": 0,
                    "wrapper": {
                        "width": "",
                        "class": "",
                        "id": ""
                    },
                    "wpml_cf_preferences": 1,
                    "layout": "block",
                    "sub_fields": [
                        {
                            "key": "field_63d2039b8eec3",
                            "label": "Включить блок с иконкой",
                            "name": "is_logo_text",
                            "aria-label": "",
                            "type": "true_false",
                            "instructions": "",
                            "required": 0,
                            "conditional_logic": 0,
                            "wrapper": {
                                "width": "",
                                "class": "",
                                "id": ""
                            },
                            "wpml_cf_preferences": 1,
                            "message": "",
                            "default_value": 0,
                            "ui_on_text": "",
                            "ui_off_text": "",
                            "ui": 0
                        },
                        {
                            "key": "field_63d20288158ac",
                            "label": "Блок с иконками",
                            "name": "block_icon_group_settings",
                            "aria-label": "",
                            "type": "group",
                            "instructions": "",
                            "required": 0,
                            "conditional_logic": 0,
                            "wrapper": {
                                "width": "",
                                "class": "",
                                "id": ""
                            },
                            "wpml_cf_preferences": 1,
                            "layout": "block",
                            "sub_fields": [
                                {
                                    "key": "field_63d202e0158ad",
                                    "label": "Размер логотипа",
                                    "name": "logo_text_size",
                                    "aria-label": "",
                                    "type": "range",
                                    "instructions": "",
                                    "required": 0,
                                    "conditional_logic": 0,
                                    "wrapper": {
                                        "width": "",
                                        "class": "",
                                        "id": ""
                                    },
                                    "wpml_cf_preferences": 1,
                                    "default_value": "",
                                    "min": 20,
                                    "max": 200,
                                    "step": "",
                                    "prepend": "",
                                    "append": ""
                                },
                                {
                                    "key": "field_63d202f6158ae",
                                    "label": "Фон логотипа",
                                    "name": "background_color_logo_text",
                                    "aria-label": "",
                                    "type": "color_picker",
                                    "instructions": "",
                                    "required": 0,
                                    "conditional_logic": 0,
                                    "wrapper": {
                                        "width": "",
                                        "class": "",
                                        "id": ""
                                    },
                                    "wpml_cf_preferences": 1,
                                    "default_value": "",
                                    "enable_opacity": 0,
                                    "return_format": "string"
                                },
                                {
                                    "key": "field_63d2033a158af",
                                    "label": "Изображение логотипа",
                                    "name": "logo_text_image",
                                    "aria-label": "",
                                    "type": "image",
                                    "instructions": "",
                                    "required": 0,
                                    "conditional_logic": 0,
                                    "wrapper": {
                                        "width": "",
                                        "class": "",
                                        "id": ""
                                    },
                                    "wpml_cf_preferences": 1,
                                    "return_format": "id",
                                    "library": "all",
                                    "min_width": "",
                                    "min_height": "",
                                    "min_size": "",
                                    "max_width": "",
                                    "max_height": "",
                                    "max_size": "",
                                    "mime_types": "",
                                    "preview_size": "medium"
                                },
                                {
                                    "key": "field_63d2035d158b0",
                                    "label": "Text",
                                    "name": "logo_text_text",
                                    "aria-label": "",
                                    "type": "text",
                                    "instructions": "",
                                    "required": 0,
                                    "conditional_logic": 0,
                                    "wrapper": {
                                        "width": "",
                                        "class": "",
                                        "id": ""
                                    },
                                    "wpml_cf_preferences": 1,
                                    "default_value": "",
                                    "maxlength": "",
                                    "placeholder": "",
                                    "prepend": "",
                                    "append": ""
                                },
                                {
                                    "key": "field_63d20373158b1",
                                    "label": "Класс",
                                    "name": "class",
                                    "aria-label": "",
                                    "type": "text",
                                    "instructions": "",
                                    "required": 0,
                                    "conditional_logic": 0,
                                    "wrapper": {
                                        "width": "",
                                        "class": "",
                                        "id": ""
                                    },
                                    "wpml_cf_preferences": 1,
                                    "default_value": "",
                                    "maxlength": "",
                                    "placeholder": "",
                                    "prepend": "",
                                    "append": ""
                                }
                            ]
                        }
                    ],
                    "parent_repeater": "field_61c065e323451"
                }
            ]
        }
    ],
    "location": [
        [
            {
                "param": "block",
                "operator": "==",
                "value": "acf\/link-block"
            }
        ]
    ],
    "menu_order": 0,
    "position": "normal",
    "style": "default",
    "label_placement": "top",
    "instruction_placement": "label",
    "hide_on_screen": "",
    "active": true,
    "description": "",
    "show_in_rest": 0,
    "modified": 1674708172
}