{
    "key": "group_63adb7e0c0e65",
    "title": "Buttons",
    "fields": [
        {
            "key": "field_63adb7e243eef",
            "label": "Добавить кнопки",
            "name": "add_buttons",
            "aria-label": "",
            "type": "repeater",
            "instructions": "",
            "required": 0,
            "conditional_logic": 0,
            "wrapper": {
                "width": "",
                "class": "",
                "id": ""
            },
            "wpml_cf_preferences": 1,
            "layout": "table",
            "pagination": 0,
            "min": 0,
            "max": 2,
            "collapsed": "",
            "button_label": "Add Row",
            "rows_per_page": 20,
            "sub_fields": [
                {
                    "key": "field_63adb8ff43ef0",
                    "label": "Изображение в кнопке",
                    "name": "image",
                    "aria-label": "",
                    "type": "image",
                    "instructions": "",
                    "required": 0,
                    "conditional_logic": 0,
                    "wrapper": {
                        "width": "30",
                        "class": "",
                        "id": ""
                    },
                    "wpml_cf_preferences": 1,
                    "return_format": "id",
                    "library": "all",
                    "min_width": "",
                    "min_height": "",
                    "min_size": "",
                    "max_width": "",
                    "max_height": "",
                    "max_size": "",
                    "mime_types": "",
                    "preview_size": "thumbnail",
                    "parent_repeater": "field_63adb7e243eef"
                },
                {
                    "key": "field_63adb91f43ef1",
                    "label": "Кнопка",
                    "name": "button",
                    "aria-label": "",
                    "type": "link",
                    "instructions": "",
                    "required": 0,
                    "conditional_logic": 0,
                    "wrapper": {
                        "width": "30",
                        "class": "",
                        "id": ""
                    },
                    "wpml_cf_preferences": 1,
                    "return_format": "array",
                    "parent_repeater": "field_63adb7e243eef"
                },
                {
                    "key": "field_63cdee00eb65c",
                    "label": "Включить иконку?",
                    "name": "button_icon",
                    "aria-label": "",
                    "type": "true_false",
                    "instructions": "",
                    "required": 0,
                    "conditional_logic": 0,
                    "wrapper": {
                        "width": "",
                        "class": "",
                        "id": ""
                    },
                    "wpml_cf_preferences": 3,
                    "message": "",
                    "default_value": 0,
                    "ui": 0,
                    "ui_on_text": "",
                    "ui_off_text": "",
                    "parent_repeater": "field_63adb7e243eef"
                },
                {
                    "key": "field_63bed3bd8b7df",
                    "label": "Иконка",
                    "name": "button_icon_use",
                    "aria-label": "",
                    "type": "select",
                    "instructions": "",
                    "required": 0,
                    "conditional_logic": [
                        [
                            {
                                "field": "field_63cdee00eb65c",
                                "operator": "==",
                                "value": "1"
                            }
                        ]
                    ],
                    "wrapper": {
                        "width": "30",
                        "class": "",
                        "id": ""
                    },
                    "wpml_cf_preferences": 1,
                    "choices": {
                        "arrow": "Стрелочка",
                        "comment": "Комментарии"
                    },
                    "default_value": false,
                    "return_format": "value",
                    "multiple": 0,
                    "allow_null": 1,
                    "ui": 0,
                    "ajax": 0,
                    "placeholder": "",
                    "parent_repeater": "field_63adb7e243eef"
                }
            ]
        },
        {
            "key": "field_63bd51871bc1e",
            "label": "Колонки",
            "name": "columns",
            "aria-label": "",
            "type": "range",
            "instructions": "",
            "required": 0,
            "conditional_logic": [
                [
                    {
                        "field": "field_63bd9d03260d7",
                        "operator": "!=",
                        "value": "1"
                    }
                ]
            ],
            "wrapper": {
                "width": "",
                "class": "",
                "id": ""
            },
            "wpml_cf_preferences": 1,
            "default_value": 2,
            "min": 1,
            "max": 2,
            "step": 1,
            "prepend": "",
            "append": ""
        },
        {
            "key": "field_63ce8765c9ce3",
            "label": "Настройки",
            "name": "",
            "aria-label": "",
            "type": "tab",
            "instructions": "",
            "required": 0,
            "conditional_logic": 0,
            "wrapper": {
                "width": "",
                "class": "",
                "id": ""
            },
            "wpml_cf_preferences": 1,
            "placement": "top",
            "endpoint": 0
        },
        {
            "key": "field_63bd51cc1bc1f",
            "label": "Настройки",
            "name": "buttons_setting",
            "aria-label": "",
            "type": "group",
            "instructions": "",
            "required": 0,
            "conditional_logic": 0,
            "wrapper": {
                "width": "",
                "class": "",
                "id": ""
            },
            "wpml_cf_preferences": 1,
            "layout": "block",
            "sub_fields": [
                {
                    "key": "field_63bd6c2ee772f",
                    "label": "Стиль кнопки",
                    "name": "button_style",
                    "aria-label": "",
                    "type": "select",
                    "instructions": "",
                    "required": 0,
                    "conditional_logic": 0,
                    "wrapper": {
                        "width": "50",
                        "class": "",
                        "id": ""
                    },
                    "wpml_cf_preferences": 1,
                    "choices": {
                        "outline": "Cплошной цвет",
                        "gradient": "Градиент",
                        "custom_color": "Выбрать цвет"
                    },
                    "default_value": "outline",
                    "return_format": "value",
                    "multiple": 0,
                    "allow_null": 0,
                    "ui": 0,
                    "ajax": 0,
                    "placeholder": ""
                },
                {
                    "key": "field_63bd73d3f9509",
                    "label": "Ширина кнопки",
                    "name": "button_width",
                    "aria-label": "",
                    "type": "text",
                    "instructions": "px или %",
                    "required": 0,
                    "conditional_logic": [
                        [
                            {
                                "field": "field_63bd9d03260d7",
                                "operator": "!=",
                                "value": "1"
                            }
                        ]
                    ],
                    "wrapper": {
                        "width": "50",
                        "class": "",
                        "id": ""
                    },
                    "wpml_cf_preferences": 1,
                    "default_value": "",
                    "maxlength": "",
                    "placeholder": "",
                    "prepend": "",
                    "append": ""
                },
                {
                    "key": "field_63bd754c4a2f3",
                    "label": "Расположение кнопок",
                    "name": "position_buttons",
                    "aria-label": "",
                    "type": "select",
                    "instructions": "",
                    "required": 0,
                    "conditional_logic": [
                        [
                            {
                                "field": "field_63bd9d03260d7",
                                "operator": "!=",
                                "value": "1"
                            }
                        ]
                    ],
                    "wrapper": {
                        "width": "",
                        "class": "",
                        "id": ""
                    },
                    "wpml_cf_preferences": 1,
                    "choices": {
                        "flex-start": "Слева",
                        "flex-end": "Cправа",
                        "center": "По центру"
                    },
                    "default_value": "flex-start",
                    "return_format": "value",
                    "multiple": 0,
                    "allow_null": 0,
                    "ui": 0,
                    "ajax": 0,
                    "placeholder": ""
                },
                {
                    "key": "field_63bd9d03260d7",
                    "label": "Обводка кнопок",
                    "name": "buttons_border",
                    "aria-label": "",
                    "type": "true_false",
                    "instructions": "",
                    "required": 0,
                    "conditional_logic": 0,
                    "wrapper": {
                        "width": "",
                        "class": "",
                        "id": ""
                    },
                    "wpml_cf_preferences": 1,
                    "message": "",
                    "default_value": 0,
                    "ui": 0,
                    "ui_on_text": "",
                    "ui_off_text": ""
                },
                {
                    "key": "field_63ce6b9f3caec",
                    "label": "Дополнительный класс",
                    "name": "buttons_item_class",
                    "aria-label": "",
                    "type": "text",
                    "instructions": "",
                    "required": 0,
                    "conditional_logic": 0,
                    "wrapper": {
                        "width": "",
                        "class": "",
                        "id": ""
                    },
                    "wpml_cf_preferences": 1,
                    "default_value": "",
                    "maxlength": "",
                    "placeholder": "",
                    "prepend": "",
                    "append": ""
                },
                {
                    "key": "field_63ce6f8cee473",
                    "label": "Настройки",
                    "name": "buttons_setup",
                    "aria-label": "",
                    "type": "group",
                    "instructions": "",
                    "required": 0,
                    "conditional_logic": [
                        [
                            {
                                "field": "field_63bd6c2ee772f",
                                "operator": "==",
                                "value": "gradient"
                            }
                        ],
                        [
                            {
                                "field": "field_63bd6c2ee772f",
                                "operator": "==",
                                "value": "custom_color"
                            }
                        ]
                    ],
                    "wrapper": {
                        "width": "",
                        "class": "",
                        "id": ""
                    },
                    "wpml_cf_preferences": 1,
                    "layout": "block",
                    "sub_fields": [
                        {
                            "key": "field_63ce7f2aee474",
                            "label": "Цвет фона",
                            "name": "background",
                            "aria-label": "",
                            "type": "color_picker",
                            "instructions": "",
                            "required": 0,
                            "conditional_logic": 0,
                            "wrapper": {
                                "width": "50",
                                "class": "",
                                "id": ""
                            },
                            "wpml_cf_preferences": 1,
                            "default_value": "",
                            "enable_opacity": 1,
                            "return_format": "string"
                        },
                        {
                            "key": "field_63ce7fb1ee476",
                            "label": "Цвет фона при наведении",
                            "name": "background_hover",
                            "aria-label": "",
                            "type": "color_picker",
                            "instructions": "",
                            "required": 0,
                            "conditional_logic": 0,
                            "wrapper": {
                                "width": "50",
                                "class": "",
                                "id": ""
                            },
                            "wpml_cf_preferences": 1,
                            "default_value": "",
                            "enable_opacity": 1,
                            "return_format": "string"
                        },
                        {
                            "key": "field_63ce7fe9ee477",
                            "label": "Цвет текста",
                            "name": "color",
                            "aria-label": "",
                            "type": "color_picker",
                            "instructions": "",
                            "required": 0,
                            "conditional_logic": 0,
                            "wrapper": {
                                "width": "50",
                                "class": "",
                                "id": ""
                            },
                            "wpml_cf_preferences": 1,
                            "default_value": "",
                            "enable_opacity": 0,
                            "return_format": "string"
                        },
                        {
                            "key": "field_63ce801cee478",
                            "label": "Цвет текста при наведении",
                            "name": "color_hover",
                            "aria-label": "",
                            "type": "color_picker",
                            "instructions": "",
                            "required": 0,
                            "conditional_logic": 0,
                            "wrapper": {
                                "width": "50",
                                "class": "",
                                "id": ""
                            },
                            "wpml_cf_preferences": 1,
                            "default_value": "",
                            "enable_opacity": 0,
                            "return_format": "string"
                        },
                        {
                            "key": "field_63ce805bee479",
                            "label": "Цвет обводки",
                            "name": "border",
                            "aria-label": "",
                            "type": "color_picker",
                            "instructions": "",
                            "required": 0,
                            "conditional_logic": 0,
                            "wrapper": {
                                "width": "50",
                                "class": "",
                                "id": ""
                            },
                            "wpml_cf_preferences": 1,
                            "default_value": "",
                            "enable_opacity": 1,
                            "return_format": "string"
                        },
                        {
                            "key": "field_63ce8100ee47a",
                            "label": "Цвет обводки при наведении",
                            "name": "border_hover",
                            "aria-label": "",
                            "type": "color_picker",
                            "instructions": "",
                            "required": 0,
                            "conditional_logic": 0,
                            "wrapper": {
                                "width": "50",
                                "class": "",
                                "id": ""
                            },
                            "wpml_cf_preferences": 1,
                            "default_value": "",
                            "enable_opacity": 1,
                            "return_format": "string"
                        },
                        {
                            "key": "field_63ce8144ee47b",
                            "label": "Радиус обводки",
                            "name": "border_radius",
                            "aria-label": "",
                            "type": "range",
                            "instructions": "",
                            "required": 0,
                            "conditional_logic": 0,
                            "wrapper": {
                                "width": "50",
                                "class": "",
                                "id": ""
                            },
                            "wpml_cf_preferences": 1,
                            "default_value": "",
                            "min": 0,
                            "max": 50,
                            "step": "",
                            "prepend": "",
                            "append": ""
                        },
                        {
                            "key": "field_63ce81b3ee47c",
                            "label": "Тип обводки",
                            "name": "border_style",
                            "aria-label": "",
                            "type": "select",
                            "instructions": "",
                            "required": 0,
                            "conditional_logic": 0,
                            "wrapper": {
                                "width": "",
                                "class": "",
                                "id": ""
                            },
                            "wpml_cf_preferences": 1,
                            "choices": {
                                "dashed": "Точки",
                                "solid": "Сплошной"
                            },
                            "default_value": "dashed",
                            "return_format": "value",
                            "multiple": 0,
                            "allow_null": 0,
                            "ui": 0,
                            "ajax": 0,
                            "placeholder": ""
                        },
                        {
                            "key": "field_63ce81ecee47d",
                            "label": "Цвета для градиента",
                            "name": "gradient_colors",
                            "aria-label": "",
                            "type": "group",
                            "instructions": "",
                            "required": 0,
                            "conditional_logic": 0,
                            "wrapper": {
                                "width": "",
                                "class": "",
                                "id": ""
                            },
                            "wpml_cf_preferences": 1,
                            "layout": "block",
                            "sub_fields": [
                                {
                                    "key": "field_63ce820aee47e",
                                    "label": "Первый цвет",
                                    "name": "start_color",
                                    "aria-label": "",
                                    "type": "color_picker",
                                    "instructions": "",
                                    "required": 0,
                                    "conditional_logic": 0,
                                    "wrapper": {
                                        "width": "50",
                                        "class": "",
                                        "id": ""
                                    },
                                    "wpml_cf_preferences": 1,
                                    "default_value": "",
                                    "enable_opacity": 1,
                                    "return_format": "string"
                                },
                                {
                                    "key": "field_63ce8272ee47f",
                                    "label": "Второй цвет",
                                    "name": "end_color",
                                    "aria-label": "",
                                    "type": "color_picker",
                                    "instructions": "",
                                    "required": 0,
                                    "conditional_logic": 0,
                                    "wrapper": {
                                        "width": "50",
                                        "class": "",
                                        "id": ""
                                    },
                                    "wpml_cf_preferences": 1,
                                    "default_value": "",
                                    "enable_opacity": 1,
                                    "return_format": "string"
                                },
                                {
                                    "key": "field_63ce8293ee480",
                                    "label": "Цвет текста",
                                    "name": "color",
                                    "aria-label": "",
                                    "type": "color_picker",
                                    "instructions": "",
                                    "required": 0,
                                    "conditional_logic": 0,
                                    "wrapper": {
                                        "width": "50",
                                        "class": "",
                                        "id": ""
                                    },
                                    "wpml_cf_preferences": 1,
                                    "default_value": "",
                                    "enable_opacity": 0,
                                    "return_format": "string"
                                },
                                {
                                    "key": "field_63ce82c2ee481",
                                    "label": "Цвет текста при наведении",
                                    "name": "color_hover",
                                    "aria-label": "",
                                    "type": "color_picker",
                                    "instructions": "",
                                    "required": 0,
                                    "conditional_logic": 0,
                                    "wrapper": {
                                        "width": "50",
                                        "class": "",
                                        "id": ""
                                    },
                                    "wpml_cf_preferences": 1,
                                    "default_value": "",
                                    "enable_opacity": 0,
                                    "return_format": "string"
                                }
                            ]
                        }
                    ]
                }
            ]
        }
    ],
    "location": [
        [
            {
                "param": "block",
                "operator": "==",
                "value": "acf\/buttons"
            }
        ]
    ],
    "menu_order": 0,
    "position": "normal",
    "style": "default",
    "label_placement": "top",
    "instruction_placement": "label",
    "hide_on_screen": "",
    "active": true,
    "description": "",
    "show_in_rest": 0,
    "modified": 1674703869
}