{
    "key": "group_61c315f434f01",
    "title": "Настройка пользователя",
    "fields": [
        {
            "key": "field_61c3161365fbb",
            "label": "Настройка пользователя",
            "name": "user_setup",
            "aria-label": "",
            "type": "group",
            "instructions": "",
            "required": 0,
            "conditional_logic": 0,
            "wrapper": {
                "width": "",
                "class": "",
                "id": ""
            },
            "wpml_cf_preferences": 2,
            "layout": "block",
            "sub_fields": [
                {
                    "key": "field_61c318997797c",
                    "label": "Имя (EN)",
                    "name": "name",
                    "aria-label": "",
                    "type": "text",
                    "instructions": "",
                    "required": 0,
                    "conditional_logic": 0,
                    "wrapper": {
                        "width": "25",
                        "class": "",
                        "id": ""
                    },
                    "wpml_cf_preferences": 2,
                    "default_value": "",
                    "placeholder": "",
                    "prepend": "",
                    "append": "",
                    "maxlength": ""
                },
                {
                    "key": "field_62bac95c29f4b",
                    "label": "Имя (HI)",
                    "name": "name_hi",
                    "aria-label": "",
                    "type": "text",
                    "instructions": "",
                    "required": 0,
                    "conditional_logic": 0,
                    "wrapper": {
                        "width": "25",
                        "class": "",
                        "id": ""
                    },
                    "wpml_cf_preferences": 2,
                    "default_value": "",
                    "placeholder": "",
                    "prepend": "",
                    "append": "",
                    "maxlength": ""
                },
                {
                    "key": "field_62bac98029f4c",
                    "label": "Имя (BN)",
                    "name": "name_bn",
                    "aria-label": "",
                    "type": "text",
                    "instructions": "",
                    "required": 0,
                    "conditional_logic": 0,
                    "wrapper": {
                        "width": "25",
                        "class": "",
                        "id": ""
                    },
                    "wpml_cf_preferences": 2,
                    "default_value": "",
                    "placeholder": "",
                    "prepend": "",
                    "append": "",
                    "maxlength": ""
                },
                {
                    "key": "field_633d4245e64ad",
                    "label": "Имя (BR-PT)",
                    "name": "name_pt-br",
                    "aria-label": "",
                    "type": "text",
                    "instructions": "",
                    "required": 0,
                    "conditional_logic": 0,
                    "wrapper": {
                        "width": "25",
                        "class": "",
                        "id": ""
                    },
                    "default_value": "",
                    "placeholder": "",
                    "prepend": "",
                    "append": "",
                    "maxlength": ""
                },
                {
                    "key": "field_61c318ad7797d",
                    "label": "Фамилия (EN)",
                    "name": "last_name",
                    "aria-label": "",
                    "type": "text",
                    "instructions": "",
                    "required": 0,
                    "conditional_logic": 0,
                    "wrapper": {
                        "width": "25",
                        "class": "",
                        "id": ""
                    },
                    "wpml_cf_preferences": 2,
                    "default_value": "",
                    "placeholder": "",
                    "prepend": "",
                    "append": "",
                    "maxlength": ""
                },
                {
                    "key": "field_62bac98d29f4d",
                    "label": "Фамилия (HI)",
                    "name": "last_name_hi",
                    "aria-label": "",
                    "type": "text",
                    "instructions": "",
                    "required": 0,
                    "conditional_logic": 0,
                    "wrapper": {
                        "width": "25",
                        "class": "",
                        "id": ""
                    },
                    "wpml_cf_preferences": 2,
                    "default_value": "",
                    "placeholder": "",
                    "prepend": "",
                    "append": "",
                    "maxlength": ""
                },
                {
                    "key": "field_62bac9ac29f4e",
                    "label": "Фамилия (BN)",
                    "name": "last_name_bn",
                    "aria-label": "",
                    "type": "text",
                    "instructions": "",
                    "required": 0,
                    "conditional_logic": 0,
                    "wrapper": {
                        "width": "25",
                        "class": "",
                        "id": ""
                    },
                    "wpml_cf_preferences": 2,
                    "default_value": "",
                    "placeholder": "",
                    "prepend": "",
                    "append": "",
                    "maxlength": ""
                },
                {
                    "key": "field_633d4257e64ae",
                    "label": "Фамилия (BR-PT)",
                    "name": "last_name_pt-br",
                    "aria-label": "",
                    "type": "text",
                    "instructions": "",
                    "required": 0,
                    "conditional_logic": 0,
                    "wrapper": {
                        "width": "25",
                        "class": "",
                        "id": ""
                    },
                    "default_value": "",
                    "placeholder": "",
                    "prepend": "",
                    "append": "",
                    "maxlength": ""
                },
                {
                    "key": "field_61c318ba7797e",
                    "label": "Фото",
                    "name": "avatar",
                    "aria-label": "",
                    "type": "image",
                    "instructions": "",
                    "required": 0,
                    "conditional_logic": 0,
                    "wrapper": {
                        "width": "",
                        "class": "",
                        "id": ""
                    },
                    "wpml_cf_preferences": 2,
                    "return_format": "id",
                    "preview_size": "medium",
                    "library": "all",
                    "min_width": "",
                    "min_height": "",
                    "min_size": "",
                    "max_width": "",
                    "max_height": "",
                    "max_size": "",
                    "mime_types": ""
                },
                {
                    "key": "field_61cb15e72004c",
                    "label": "Краткое описание (EN)",
                    "name": "description",
                    "aria-label": "",
                    "type": "wysiwyg",
                    "instructions": "Выводится в блоке автора над футером",
                    "required": 0,
                    "conditional_logic": 0,
                    "wrapper": {
                        "width": "25",
                        "class": "",
                        "id": ""
                    },
                    "wpml_cf_preferences": 2,
                    "default_value": "",
                    "tabs": "all",
                    "toolbar": "full",
                    "media_upload": 0,
                    "delay": 0
                },
                {
                    "key": "field_62bac9c429f4f",
                    "label": "Краткое описание (HI)",
                    "name": "description_hi",
                    "aria-label": "",
                    "type": "wysiwyg",
                    "instructions": "Выводится в блоке автора над футером",
                    "required": 0,
                    "conditional_logic": 0,
                    "wrapper": {
                        "width": "25",
                        "class": "",
                        "id": ""
                    },
                    "wpml_cf_preferences": 2,
                    "default_value": "",
                    "tabs": "all",
                    "toolbar": "full",
                    "media_upload": 0,
                    "delay": 0
                },
                {
                    "key": "field_62bac9d329f50",
                    "label": "Краткое описание (BN)",
                    "name": "description_bn",
                    "aria-label": "",
                    "type": "wysiwyg",
                    "instructions": "Выводится в блоке автора над футером",
                    "required": 0,
                    "conditional_logic": 0,
                    "wrapper": {
                        "width": "25",
                        "class": "",
                        "id": ""
                    },
                    "wpml_cf_preferences": 2,
                    "default_value": "",
                    "tabs": "all",
                    "toolbar": "full",
                    "media_upload": 0,
                    "delay": 0
                },
                {
                    "key": "field_633d4265e64af",
                    "label": "Краткое описание (BR-PT)",
                    "name": "description_pt-br",
                    "aria-label": "",
                    "type": "wysiwyg",
                    "instructions": "Выводится в блоке автора над футером",
                    "required": 0,
                    "conditional_logic": 0,
                    "wrapper": {
                        "width": "25",
                        "class": "",
                        "id": ""
                    },
                    "default_value": "",
                    "tabs": "all",
                    "toolbar": "full",
                    "media_upload": 0,
                    "delay": 0
                },
                {
                    "key": "field_61cc141bb560b",
                    "label": "Описание для страницы автора (EN)",
                    "name": "description_author_page",
                    "aria-label": "",
                    "type": "wysiwyg",
                    "instructions": "",
                    "required": 0,
                    "conditional_logic": 0,
                    "wrapper": {
                        "width": "25",
                        "class": "",
                        "id": ""
                    },
                    "wpml_cf_preferences": 2,
                    "default_value": "",
                    "tabs": "all",
                    "toolbar": "full",
                    "media_upload": 1,
                    "delay": 0
                },
                {
                    "key": "field_62bac9ea29f51",
                    "label": "Описание для страницы автора (HI)",
                    "name": "description_author_page_hi",
                    "aria-label": "",
                    "type": "wysiwyg",
                    "instructions": "",
                    "required": 0,
                    "conditional_logic": 0,
                    "wrapper": {
                        "width": "25",
                        "class": "",
                        "id": ""
                    },
                    "wpml_cf_preferences": 2,
                    "default_value": "",
                    "tabs": "all",
                    "toolbar": "full",
                    "media_upload": 1,
                    "delay": 0
                },
                {
                    "key": "field_62bac9f829f52",
                    "label": "Описание для страницы автора (BN)",
                    "name": "description_author_page_bn",
                    "aria-label": "",
                    "type": "wysiwyg",
                    "instructions": "",
                    "required": 0,
                    "conditional_logic": 0,
                    "wrapper": {
                        "width": "25",
                        "class": "",
                        "id": ""
                    },
                    "wpml_cf_preferences": 2,
                    "default_value": "",
                    "tabs": "all",
                    "toolbar": "full",
                    "media_upload": 1,
                    "delay": 0
                },
                {
                    "key": "field_633d4270e64b0",
                    "label": "Описание для страницы автора (BR-PT)",
                    "name": "description_author_page_pt-br",
                    "aria-label": "",
                    "type": "wysiwyg",
                    "instructions": "",
                    "required": 0,
                    "conditional_logic": 0,
                    "wrapper": {
                        "width": "25",
                        "class": "",
                        "id": ""
                    },
                    "default_value": "",
                    "tabs": "all",
                    "toolbar": "full",
                    "media_upload": 1,
                    "delay": 0
                },
                {
                    "key": "field_61cc134c7af56",
                    "label": "Социальные сети",
                    "name": "socials",
                    "aria-label": "",
                    "type": "repeater",
                    "instructions": "",
                    "required": 0,
                    "conditional_logic": 0,
                    "wrapper": {
                        "width": "",
                        "class": "",
                        "id": ""
                    },
                    "wpml_cf_preferences": 2,
                    "layout": "block",
                    "pagination": 0,
                    "min": 0,
                    "max": 5,
                    "collapsed": "field_61cc13777af57",
                    "button_label": "Добавить социальную сеть",
                    "rows_per_page": 20,
                    "sub_fields": [
                        {
                            "key": "field_61cc13777af57",
                            "label": "Выберите социальную сеть",
                            "name": "social",
                            "aria-label": "",
                            "type": "select",
                            "instructions": "",
                            "required": 0,
                            "conditional_logic": 0,
                            "wrapper": {
                                "width": "50",
                                "class": "",
                                "id": ""
                            },
                            "wpml_cf_preferences": 3,
                            "choices": {
                                "facebook": "Facebook",
                                "linkedin": "Linkedin",
                                "instagram": "Instagram",
                                "pinterest": "Pinterest",
                                "twitter": "Twitter"
                            },
                            "default_value": false,
                            "allow_null": 0,
                            "multiple": 0,
                            "ui": 1,
                            "ajax": 0,
                            "return_format": "value",
                            "placeholder": "",
                            "parent_repeater": "field_61cc134c7af56"
                        },
                        {
                            "key": "field_61cc13a77af58",
                            "label": "Ссылка на социальную сеть",
                            "name": "link",
                            "aria-label": "",
                            "type": "url",
                            "instructions": "",
                            "required": 0,
                            "conditional_logic": 0,
                            "wrapper": {
                                "width": "50",
                                "class": "",
                                "id": ""
                            },
                            "wpml_cf_preferences": 3,
                            "default_value": "",
                            "placeholder": "",
                            "parent_repeater": "field_61cc134c7af56"
                        }
                    ]
                }
            ]
        }
    ],
    "location": [
        [
            {
                "param": "user_form",
                "operator": "==",
                "value": "all"
            }
        ]
    ],
    "menu_order": 0,
    "position": "normal",
    "style": "default",
    "label_placement": "top",
    "instruction_placement": "label",
    "hide_on_screen": "",
    "active": true,
    "description": "",
    "show_in_rest": 0,
    "modified": 1674576527
}